Elevation_Category,Seasonal_Year,month,SWEI,Year,Month,ENSO
1000_1500m,1980,1,-1.584789997172284,1980,1,0.7
1500_2000m,1980,1,-1.5898325648887246,1980,1,0.7
2000_2500m,1980,1,-0.6230735126287054,1980,1,0.7
500_1000m,1980,1,-0.7113676608486488,1980,1,0.7
1000_1500m,1980,2,-0.7694478818480536,1980,2,0.5
1500_2000m,1980,2,-0.6073813640493412,1980,2,0.5
2000_2500m,1980,2,-0.6390493343997625,1980,2,0.5
500_1000m,1980,2,0.07246424810083199,1980,2,0.5
1000_1500m,1980,3,-1.3071014477571696,1980,3,-0.7
1500_2000m,1980,3,-1.2858988172384935,1980,3,-0.7
2000_2500m,1980,3,-1.0763947528511806,1980,3,-0.7
500_1000m,1980,3,-0.4624065160178867,1980,3,-0.7
1000_1500m,1980,4,-0.9945432244282004,1980,4,-1.0
1500_2000m,1980,4,-0.7333390307215352,1980,4,-1.0
2000_2500m,1980,4,-0.3473075379012764,1980,4,-1.0
500_1000m,1980,4,-0.8230186824546932,1980,4,-1.0
1000_1500m,1980,5,1.2405530055566294,1980,5,-0.0
1500_2000m,1980,5,1.2216849428451488,1980,5,-0.0
2000_2500m,1980,5,0.4711312851231778,1980,5,-0.0
500_1000m,1980,5,0.5949984500129354,1980,5,-0.0
1000_1500m,1980,10,-0.10480056887583748,1980,10,0.0
1500_2000m,1980,10,-0.015618422136266522,1980,10,0.0
2000_2500m,1980,10,-0.187598203738797,1980,10,0.0
500_1000m,1980,10,0.18615471941770137,1980,10,0.0
1000_1500m,1980,11,-0.37638714448913746,1980,11,-0.6
1500_2000m,1980,11,-0.38417250762247157,1980,11,-0.6
2000_2500m,1980,11,-0.054834116934057264,1980,11,-0.6
500_1000m,1980,11,-0.4334427423547606,1980,11,-0.6
1000_1500m,1980,12,0.79895066141448,1980,12,-0.1
1500_2000m,1980,12,0.6394157633837129,1980,12,-0.1
2000_2500m,1980,12,0.9507910003791937,1980,12,-0.1
500_1000m,1980,12,0.6768795680104042,1980,12,-0.1
1000_1500m,1981,1,0.37487706456306863,1981,1,0.6
1500_2000m,1981,1,-0.19629267502331704,1981,1,0.6
2000_2500m,1981,1,-0.3303434762512635,1981,1,0.6
500_1000m,1981,1,0.21332588425508225,1981,1,0.6
1000_1500m,1981,2,1.0709141387690786,1981,2,-0.3
1500_2000m,1981,2,0.03244661563397753,1981,2,-0.3
2000_2500m,1981,2,-0.15290715662306711,1981,2,-0.3
500_1000m,1981,2,0.6786209198939888,1981,2,-0.3
1000_1500m,1981,3,0.276102852231058,1981,3,-2.1
1500_2000m,1981,3,0.06951062977104949,1981,3,-2.1
2000_2500m,1981,3,-0.02240541616722572,1981,3,-2.1
500_1000m,1981,3,0.956495147319087,1981,3,-2.1
1000_1500m,1981,4,1.0091993414282832,1981,4,-0.2
1500_2000m,1981,4,0.8549106370058785,1981,4,-0.2
2000_2500m,1981,4,0.5409558469117935,1981,4,-0.2
500_1000m,1981,4,1.3009790420421663,1981,4,-0.2
1000_1500m,1981,5,0.5915559102894847,1981,5,1.3
1500_2000m,1981,5,0.47213831475139734,1981,5,1.3
2000_2500m,1981,5,0.6424484532019845,1981,5,1.3
500_1000m,1981,5,0.6094705069387049,1981,5,1.3
1000_1500m,1981,10,-0.15648563713409486,1981,10,-0.6
1500_2000m,1981,10,0.06659281114872335,1981,10,-0.6
2000_2500m,1981,10,0.6163281234742075,1981,10,-0.6
500_1000m,1981,10,-0.37742360194817864,1981,10,-0.6
1000_1500m,1981,11,-0.6463992603901457,1981,11,0.3
1500_2000m,1981,11,-0.6325692537937827,1981,11,0.3
2000_2500m,1981,11,-0.7608804275152246,1981,11,0.3
500_1000m,1981,11,-0.08225506798870527,1981,11,0.3
1000_1500m,1981,12,-0.8329300930446357,1981,12,0.8
1500_2000m,1981,12,-0.6532325029877131,1981,12,0.8
2000_2500m,1981,12,-0.6156741430088121,1981,12,0.8
500_1000m,1981,12,-0.07753110167322423,1981,12,0.8
1000_1500m,1982,1,-0.5485796220163169,1982,1,2.0
1500_2000m,1982,1,-0.014636678178878383,1982,1,2.0
2000_2500m,1982,1,0.05212128349668902,1982,1,2.0
500_1000m,1982,1,0.4229294552645393,1982,1,2.0
1000_1500m,1982,2,-0.9177497374452223,1982,2,0.4
1500_2000m,1982,2,-0.25731122564646397,1982,2,0.4
2000_2500m,1982,2,-0.059218823708136054,1982,2,0.4
500_1000m,1982,2,0.41607165275652075,1982,2,0.4
1000_1500m,1982,3,-0.021561636269470056,1982,3,1.0
1500_2000m,1982,3,0.16153597309799803,1982,3,1.0
2000_2500m,1982,3,0.2057133435555567,1982,3,1.0
500_1000m,1982,3,0.8311074364411721,1982,3,1.0
1000_1500m,1982,4,0.07862450192220156,1982,4,0.1
1500_2000m,1982,4,0.46224635254499824,1982,4,0.1
2000_2500m,1982,4,0.3993456576869424,1982,4,0.1
500_1000m,1982,4,0.8478385051809015,1982,4,0.1
1000_1500m,1982,5,-0.16052395725008928,1982,5,-0.6
1500_2000m,1982,5,-0.18326168721022598,1982,5,-0.6
2000_2500m,1982,5,0.1643831850217052,1982,5,-0.6
500_1000m,1982,5,0.21851693408812184,1982,5,-0.6
1000_1500m,1982,10,-0.21173807481445622,1982,10,-2.8
1500_2000m,1982,10,-0.19080245327332504,1982,10,-2.8
2000_2500m,1982,10,0.03485429015500676,1982,10,-2.8
500_1000m,1982,10,0.47343832535025593,1982,10,-2.8
1000_1500m,1982,11,0.039029621458648384,1982,11,-4.3
1500_2000m,1982,11,0.04836985022219647,1982,11,-4.3
2000_2500m,1982,11,-0.4107023592343844,1982,11,-4.3
500_1000m,1982,11,0.3898300607165979,1982,11,-4.3
1000_1500m,1982,12,-0.43084926443881866,1982,12,-3.7
1500_2000m,1982,12,0.02795075435419168,1982,12,-3.7
2000_2500m,1982,12,-0.19284857752563284,1982,12,-3.7
500_1000m,1982,12,0.47978739492680783,1982,12,-3.7
1000_1500m,1983,1,-0.10138330574791014,1983,1,-5.8
1500_2000m,1983,1,-0.32144738978373444,1983,1,-5.8
2000_2500m,1983,1,-0.5781973839392074,1983,1,-5.8
500_1000m,1983,1,0.45233748831210635,1983,1,-5.8
1000_1500m,1983,2,-1.435135703378665,1983,2,-6.0
1500_2000m,1983,2,-1.2700810403204983,1983,2,-6.0
2000_2500m,1983,2,-0.748209484234547,1983,2,-6.0
500_1000m,1983,2,0.07761446041863233,1983,2,-6.0
1000_1500m,1983,3,-0.3527727418285258,1983,3,-4.0
1500_2000m,1983,3,-0.030150167544260205,1983,3,-4.0
2000_2500m,1983,3,-0.3790686554759489,1983,3,-4.0
500_1000m,1983,3,0.5153071084919275,1983,3,-4.0
1000_1500m,1983,4,-0.8994715013147992,1983,4,-1.5
1500_2000m,1983,4,-0.22040526373536543,1983,4,-1.5
2000_2500m,1983,4,-0.22896373257520633,1983,4,-1.5
500_1000m,1983,4,-0.1127541743957489,1983,4,-1.5
1000_1500m,1983,5,0.1394910312612237,1983,5,1.0
1500_2000m,1983,5,0.26838150975348435,1983,5,1.0
2000_2500m,1983,5,0.6214537920995524,1983,5,1.0
500_1000m,1983,5,0.025096183871833724,1983,5,1.0
1000_1500m,1983,10,-1.4782864364869102,1983,10,0.7
1500_2000m,1983,10,-0.9497425086230815,1983,10,0.7
2000_2500m,1983,10,-0.4197651078887702,1983,10,0.7
500_1000m,1983,10,-1.2351548456756247,1983,10,0.7
1000_1500m,1983,11,-0.20661909120585847,1983,11,-0.2
1500_2000m,1983,11,-0.1462473874739287,1983,11,-0.2
2000_2500m,1983,11,-0.41282701980579817,1983,11,-0.2
500_1000m,1983,11,0.1021755195947587,1983,11,-0.2
1000_1500m,1983,12,0.7569601963825155,1983,12,0.0
1500_2000m,1983,12,0.607655824283767,1983,12,0.0
2000_2500m,1983,12,-0.4012822281861385,1983,12,0.0
500_1000m,1983,12,0.5862311534284622,1983,12,0.0
1000_1500m,1984,1,-0.431237301813503,1984,1,0.3
1500_2000m,1984,1,-0.19296350142507257,1984,1,0.3
2000_2500m,1984,1,-0.5300025422507865,1984,1,0.3
500_1000m,1984,1,0.7324516932953952,1984,1,0.3
1000_1500m,1984,2,-0.21991479306974515,1984,2,1.4
1500_2000m,1984,2,0.13333912518368532,1984,2,1.4
2000_2500m,1984,2,-0.550218410292339,1984,2,1.4
500_1000m,1984,2,0.8166259943800541,1984,2,1.4
1000_1500m,1984,3,-0.38564560508469753,1984,3,-0.4
1500_2000m,1984,3,0.1029763508817009,1984,3,-0.4
2000_2500m,1984,3,-0.27940946604405087,1984,3,-0.4
500_1000m,1984,3,0.8875358481317062,1984,3,-0.4
1000_1500m,1984,4,0.6729079485084909,1984,4,0.6
1500_2000m,1984,4,0.5509449124648899,1984,4,0.6
2000_2500m,1984,4,-0.1537613412937681,1984,4,0.6
500_1000m,1984,4,1.2152980215366493,1984,4,0.6
1000_1500m,1984,5,-0.7932027097239417,1984,5,0.3
1500_2000m,1984,5,-0.3498173226248119,1984,5,0.3
2000_2500m,1984,5,-0.12557608042024515,1984,5,0.3
500_1000m,1984,5,-0.5357440056210817,1984,5,0.3
1000_1500m,1984,10,1.346582090961554,1984,10,-0.5
1500_2000m,1984,10,1.2226176523216354,1984,10,-0.5
2000_2500m,1984,10,0.5198308239795205,1984,10,-0.5
500_1000m,1984,10,2.023967126076275,1984,10,-0.5
1000_1500m,1984,11,0.5770102926247165,1984,11,0.4
1500_2000m,1984,11,0.9997183958437205,1984,11,0.4
2000_2500m,1984,11,0.4757778956542459,1984,11,0.4
500_1000m,1984,11,0.9073929480898315,1984,11,0.4
1000_1500m,1984,12,-0.5063044676308655,1984,12,-0.2
1500_2000m,1984,12,-0.22345681948714702,1984,12,-0.2
2000_2500m,1984,12,-0.19032901930296614,1984,12,-0.2
500_1000m,1984,12,0.424699677392799,1984,12,-0.2
1000_1500m,1985,1,-0.5288321242762455,1985,1,-0.5
1500_2000m,1985,1,0.18120757399079426,1985,1,-0.5
2000_2500m,1985,1,0.33202112259000377,1985,1,-0.5
500_1000m,1985,1,1.135046024117315,1985,1,-0.5
1000_1500m,1985,2,0.438350617619534,1985,2,2.0
1500_2000m,1985,2,0.3909075587641106,1985,2,2.0
2000_2500m,1985,2,0.23888003351549053,1985,2,2.0
500_1000m,1985,2,1.2906924831823705,1985,2,2.0
1000_1500m,1985,3,0.5818410090977965,1985,3,1.3
1500_2000m,1985,3,0.5277415391654285,1985,3,1.3
2000_2500m,1985,3,0.46417864523363644,1985,3,1.3
500_1000m,1985,3,1.093131072194536,1985,3,1.3
1000_1500m,1985,4,-0.05553194039658325,1985,4,1.9
1500_2000m,1985,4,-0.05164507769606317,1985,4,1.9
2000_2500m,1985,4,0.5149922945177201,1985,4,1.9
500_1000m,1985,4,1.1077061320351858,1985,4,1.9
1000_1500m,1985,5,1.0102532160973636,1985,5,0.7
1500_2000m,1985,5,0.8561249856991446,1985,5,0.7
2000_2500m,1985,5,1.4500109114895798,1985,5,0.7
500_1000m,1985,5,1.2009489345027307,1985,5,0.7
1000_1500m,1985,10,0.5562407736420009,1985,10,-0.6
1500_2000m,1985,10,0.8591041222358247,1985,10,-0.6
2000_2500m,1985,10,1.379516664337915,1985,10,-0.6
500_1000m,1985,10,0.1955983395595577,1985,10,-0.6
1000_1500m,1985,11,0.6154877920521551,1985,11,-0.3
1500_2000m,1985,11,0.6897309226774238,1985,11,-0.3
2000_2500m,1985,11,1.5973265681144622,1985,11,-0.3
500_1000m,1985,11,0.8618305546463912,1985,11,-0.3
1000_1500m,1985,12,0.15583965745395353,1985,12,0.4
1500_2000m,1985,12,0.4397911445624848,1985,12,0.4
2000_2500m,1985,12,0.6997156619997215,1985,12,0.4
500_1000m,1985,12,0.8147556075835406,1985,12,0.4
1000_1500m,1986,1,-0.42300223402412873,1986,1,1.6
1500_2000m,1986,1,0.02704946968464696,1986,1,1.6
2000_2500m,1986,1,0.3247874841052726,1986,1,1.6
500_1000m,1986,1,0.40206492584296705,1986,1,1.6
1000_1500m,1986,2,-0.534043489380785,1986,2,-1.7
1500_2000m,1986,2,-0.0634598804435866,1986,2,-1.7
2000_2500m,1986,2,0.13183200156084438,1986,2,-1.7
500_1000m,1986,2,0.5380210568729915,1986,2,-1.7
1000_1500m,1986,3,0.34634040406658817,1986,3,0.8
1500_2000m,1986,3,0.3489966675309859,1986,3,0.8
2000_2500m,1986,3,0.039038419488416895,1986,3,0.8
500_1000m,1986,3,0.9782279017579905,1986,3,0.8
1000_1500m,1986,4,-0.5573244573892906,1986,4,0.5
1500_2000m,1986,4,-0.5044588096804911,1986,4,0.5
2000_2500m,1986,4,-0.41889899996067775,1986,4,0.5
500_1000m,1986,4,0.07539847550045453,1986,4,0.5
1000_1500m,1986,5,-0.44898404095799127,1986,5,-0.4
1500_2000m,1986,5,-0.8760233695866853,1986,5,-0.4
2000_2500m,1986,5,-0.8508441831453387,1986,5,-0.4
500_1000m,1986,5,-0.572205766145941,1986,5,-0.4
1000_1500m,1986,10,-0.5223334016576611,1986,10,1.1
1500_2000m,1986,10,0.1616655811657165,1986,10,1.1
2000_2500m,1986,10,1.7109618749955513,1986,10,1.1
500_1000m,1986,10,-0.4773460962531911,1986,10,1.1
1000_1500m,1986,11,0.4927145556377462,1986,11,-2.0
1500_2000m,1986,11,0.848186912327769,1986,11,-2.0
2000_2500m,1986,11,0.8735982469960323,1986,11,-2.0
500_1000m,1986,11,0.7240941507654705,1986,11,-2.0
1000_1500m,1986,12,-0.29437543179737224,1986,12,-2.4
1500_2000m,1986,12,0.33838865586607003,1986,12,-2.4
2000_2500m,1986,12,0.6443513051478866,1986,12,-2.4
500_1000m,1986,12,0.49341077748396983,1986,12,-2.4
1000_1500m,1987,1,-0.5607545718833226,1987,1,-1.1
1500_2000m,1987,1,0.02710835375421592,1987,1,-1.1
2000_2500m,1987,1,-1.03824213296522,1987,1,-1.1
500_1000m,1987,1,0.6549021055269738,1987,1,-1.1
1000_1500m,1987,2,-0.5110634186926818,1987,2,-2.1
1500_2000m,1987,2,-0.2824134789319606,1987,2,-2.1
2000_2500m,1987,2,-0.8112589970235555,1987,2,-2.1
500_1000m,1987,2,0.45421451732564794,1987,2,-2.1
1000_1500m,1987,3,-0.052674345536132566,1987,3,-2.1
1500_2000m,1987,3,0.16868196249365205,1987,3,-2.1
2000_2500m,1987,3,-0.5183603190432228,1987,3,-2.1
500_1000m,1987,3,0.43347969830235,1987,3,-2.1
1000_1500m,1987,4,-0.8496581550841458,1987,4,-2.3
1500_2000m,1987,4,-0.261678944345425,1987,4,-2.3
2000_2500m,1987,4,-0.062373364910522144,1987,4,-2.3
500_1000m,1987,4,0.15884946285877158,1987,4,-2.3
1000_1500m,1987,5,-0.9085289348769678,1987,5,-2.1
1500_2000m,1987,5,-0.72082665502551,1987,5,-2.1
2000_2500m,1987,5,-0.04620023853637719,1987,5,-2.1
500_1000m,1987,5,-1.156822209604373,1987,5,-2.1
1000_1500m,1987,10,-0.3472175003550289,1987,10,-0.6
1500_2000m,1987,10,-0.3274935604666181,1987,10,-0.6
2000_2500m,1987,10,-0.9866103800339848,1987,10,-0.6
500_1000m,1987,10,-0.34204383966290614,1987,10,-0.6
1000_1500m,1987,11,-0.664315143846564,1987,11,-0.0
1500_2000m,1987,11,-0.5706455822097339,1987,11,-0.0
2000_2500m,1987,11,-1.2990694991979663,1987,11,-0.0
500_1000m,1987,11,0.14780540799122677,1987,11,-0.0
1000_1500m,1987,12,-0.6144055786242976,1987,12,-0.8
1500_2000m,1987,12,-0.39191332891528,1987,12,-0.8
2000_2500m,1987,12,-1.0105734452329418,1987,12,-0.8
500_1000m,1987,12,0.7198985924004699,1987,12,-0.8
1000_1500m,1988,1,1.3281216278815293,1988,1,-0.2
1500_2000m,1988,1,1.1246630658850887,1988,1,-0.2
2000_2500m,1988,1,0.20562123078419156,1988,1,-0.2
500_1000m,1988,1,1.229361527274206,1988,1,-0.2
1000_1500m,1988,2,0.7804125395327361,1988,2,-0.6
1500_2000m,1988,2,1.0182072269114792,1988,2,-0.6
2000_2500m,1988,2,0.13106437288110076,1988,2,-0.6
500_1000m,1988,2,1.275140684634661,1988,2,-0.6
1000_1500m,1988,3,1.1813308552717505,1988,3,1.1
1500_2000m,1988,3,1.144189714705088,1988,3,1.1
2000_2500m,1988,3,0.5065364128033346,1988,3,1.1
500_1000m,1988,3,1.0753249418512831,1988,3,1.1
1000_1500m,1988,4,0.5129005301300286,1988,4,0.2
1500_2000m,1988,4,0.9014916416965495,1988,4,0.2
2000_2500m,1988,4,0.7668492537772668,1988,4,0.2
500_1000m,1988,4,1.028260291201058,1988,4,0.2
1000_1500m,1988,5,0.16436008218160456,1988,5,1.5
1500_2000m,1988,5,0.3733340000326963,1988,5,1.5
2000_2500m,1988,5,0.5554437696562555,1988,5,1.5
500_1000m,1988,5,-0.14225592605190443,1988,5,1.5
1000_1500m,1988,10,0.1409317498837277,1988,10,2.3
1500_2000m,1988,10,-0.0948461690972979,1988,10,2.3
2000_2500m,1988,10,-0.13797598371475775,1988,10,2.3
500_1000m,1988,10,0.3053861241541953,1988,10,2.3
1000_1500m,1988,11,-0.3377656424925565,1988,11,2.8
1500_2000m,1988,11,-0.16185833643970685,1988,11,2.8
2000_2500m,1988,11,-0.15640656690655277,1988,11,2.8
500_1000m,1988,11,1.0921270258664735,1988,11,2.8
1000_1500m,1988,12,0.004487653582261943,1988,12,2.0
1500_2000m,1988,12,0.31351748331402846,1988,12,2.0
2000_2500m,1988,12,-0.42328015836640853,1988,12,2.0
500_1000m,1988,12,1.1616065149272852,1988,12,2.0
1000_1500m,1989,1,0.12948373474482505,1989,1,2.5
1500_2000m,1989,1,1.1276316750894992,1989,1,2.5
2000_2500m,1989,1,1.3251180507573599,1989,1,2.5
500_1000m,1989,1,1.048032812282573,1989,1,2.5
1000_1500m,1989,2,0.35762812605755084,1989,2,2.0
1500_2000m,1989,2,1.0699850772200241,1989,2,2.0
2000_2500m,1989,2,1.5117000447594628,1989,2,2.0
500_1000m,1989,2,0.8786818878866315,1989,2,2.0
1000_1500m,1989,3,0.07751210449205312,1989,3,1.8
1500_2000m,1989,3,0.5260064438032787,1989,3,1.8
2000_2500m,1989,3,1.4964770296652259,1989,3,1.8
500_1000m,1989,3,0.8199138510957783,1989,3,1.8
1000_1500m,1989,4,0.721989823312122,1989,4,2.7
1500_2000m,1989,4,0.8480122883496002,1989,4,2.7
2000_2500m,1989,4,1.2546445783102427,1989,4,2.7
500_1000m,1989,4,1.0871415270471327,1989,4,2.7
1000_1500m,1989,5,0.7384143846396751,1989,5,2.0
1500_2000m,1989,5,1.1858244454395972,1989,5,2.0
2000_2500m,1989,5,1.5586693125304543,1989,5,2.0
500_1000m,1989,5,1.2503544193580227,1989,5,2.0
1000_1500m,1989,10,-0.5805911141408112,1989,10,1.3
1500_2000m,1989,10,-0.3933433070563315,1989,10,1.3
2000_2500m,1989,10,0.3241344045261754,1989,10,1.3
500_1000m,1989,10,-0.7344577920299924,1989,10,1.3
1000_1500m,1989,11,0.41427339929005746,1989,11,-0.4
1500_2000m,1989,11,0.7990143892483045,1989,11,-0.4
2000_2500m,1989,11,1.1340594272450277,1989,11,-0.4
500_1000m,1989,11,1.3468318354040403,1989,11,-0.4
1000_1500m,1989,12,0.045519057965913254,1989,12,-0.9
1500_2000m,1989,12,0.8978862402929211,1989,12,-0.9
2000_2500m,1989,12,1.0296547613403246,1989,12,-0.9
500_1000m,1989,12,1.2990662573770162,1989,12,-0.9
1000_1500m,1990,1,0.3372296918724896,1990,1,-0.1
1500_2000m,1990,1,0.7698249832181833,1990,1,-0.1
2000_2500m,1990,1,1.6016561814348576,1990,1,-0.1
500_1000m,1990,1,1.3953338313058457,1990,1,-0.1
1000_1500m,1990,2,-1.0733541507180404,1990,2,-3.0
1500_2000m,1990,2,-0.8651398508538705,1990,2,-3.0
2000_2500m,1990,2,0.9767455146493855,1990,2,-3.0
500_1000m,1990,2,0.484401930149386,1990,2,-3.0
1000_1500m,1990,3,0.2394246448100729,1990,3,-0.7
1500_2000m,1990,3,0.034361466275370144,1990,3,-0.7
2000_2500m,1990,3,1.1642693895153702,1990,3,-0.7
500_1000m,1990,3,0.6083875887187918,1990,3,-0.7
1000_1500m,1990,4,0.1832668953246096,1990,4,0.3
1500_2000m,1990,4,0.15936290967943573,1990,4,0.3
2000_2500m,1990,4,1.6055033569461652,1990,4,0.3
500_1000m,1990,4,-0.23625022675648372,1990,4,0.3
1000_1500m,1990,5,-0.3985613438226742,1990,5,2.0
1500_2000m,1990,5,-0.13542204945996358,1990,5,2.0
2000_2500m,1990,5,1.029647142203745,1990,5,2.0
500_1000m,1990,5,0.04848941116585137,1990,5,2.0
1000_1500m,1990,10,0.41170258989693687,1990,10,0.4
1500_2000m,1990,10,0.4825022667811139,1990,10,0.4
2000_2500m,1990,10,0.8476780569826393,1990,10,0.4
500_1000m,1990,10,0.09001330833561687,1990,10,0.4
1000_1500m,1990,11,1.1105752232172537,1990,11,-0.8
1500_2000m,1990,11,1.0633003298027135,1990,11,-0.8
2000_2500m,1990,11,1.4365212976187065,1990,11,-0.8
500_1000m,1990,11,1.4717042843927257,1990,11,-0.8
1000_1500m,1990,12,1.0000020974595782,1990,12,-0.4
1500_2000m,1990,12,1.507564330608942,1990,12,-0.4
2000_2500m,1990,12,2.0431125890649393,1990,12,-0.4
500_1000m,1990,12,1.5581262060194383,1990,12,-0.4
1000_1500m,1991,1,-1.3943711947272406,1991,1,1.0
1500_2000m,1991,1,-1.0039495709203299,1991,1,1.0
2000_2500m,1991,1,-0.201395699063343,1991,1,1.0
500_1000m,1991,1,-0.4171289973011348,1991,1,1.0
1000_1500m,1991,2,-0.6494399835856224,1991,2,0.4
1500_2000m,1991,2,-0.49416686784275765,1991,2,0.4
2000_2500m,1991,2,0.343031494155828,1991,2,0.4
500_1000m,1991,2,0.5556870456468487,1991,2,0.4
1000_1500m,1991,3,-1.126266521760294,1991,3,-1.1
1500_2000m,1991,3,-0.6848397299193485,1991,3,-1.1
2000_2500m,1991,3,-0.19464785550826672,1991,3,-1.1
500_1000m,1991,3,0.18069465291396788,1991,3,-1.1
1000_1500m,1991,4,-0.11283452930706521,1991,4,-1.0
1500_2000m,1991,4,-0.47431738119707,1991,4,-1.0
2000_2500m,1991,4,-0.4090218321325945,1991,4,-1.0
500_1000m,1991,4,-0.012907516750847744,1991,4,-1.0
1000_1500m,1991,5,0.3068677692250098,1991,5,-1.7
1500_2000m,1991,5,-0.12786285122035293,1991,5,-1.7
2000_2500m,1991,5,-0.6640082249775374,1991,5,-1.7
500_1000m,1991,5,-0.13052539354488935,1991,5,-1.7
1000_1500m,1991,10,1.3906366242683397,1991,10,-1.7
1500_2000m,1991,10,0.8732558850292034,1991,10,-1.7
2000_2500m,1991,10,0.33812490682204566,1991,10,-1.7
500_1000m,1991,10,1.6828200902573462,1991,10,-1.7
1000_1500m,1991,11,0.585705458674172,1991,11,-1.1
1500_2000m,1991,11,0.5900624844877987,1991,11,-1.1
2000_2500m,1991,11,0.8222960531718387,1991,11,-1.1
500_1000m,1991,11,0.6108300949057616,1991,11,-1.1
1000_1500m,1991,12,-1.4760887404965677,1991,12,-2.9
1500_2000m,1991,12,-1.031026937203641,1991,12,-2.9
2000_2500m,1991,12,0.20977204543067934,1991,12,-2.9
500_1000m,1991,12,-0.22417638544663512,1991,12,-2.9
1000_1500m,1992,1,0.6007359908945814,1992,1,-4.7
1500_2000m,1992,1,0.7564855352395828,1992,1,-4.7
2000_2500m,1992,1,0.6074001954196924,1992,1,-4.7
500_1000m,1992,1,0.3259247525059089,1992,1,-4.7
1000_1500m,1992,2,0.17011270245088164,1992,2,-1.5
1500_2000m,1992,2,0.5762823277038375,1992,2,-1.5
2000_2500m,1992,2,0.7305306481355699,1992,2,-1.5
500_1000m,1992,2,-0.1310764001479163,1992,2,-1.5
1000_1500m,1992,3,-0.16086629546859532,1992,3,-3.3
1500_2000m,1992,3,0.26538044981832853,1992,3,-3.3
2000_2500m,1992,3,0.7229215720957904,1992,3,-3.3
500_1000m,1992,3,-0.42315433176516876,1992,3,-3.3
1000_1500m,1992,4,-0.6528733895925782,1992,4,-1.7
1500_2000m,1992,4,0.07800761839632873,1992,4,-1.7
2000_2500m,1992,4,0.9469777677660997,1992,4,-1.7
500_1000m,1992,4,-0.6671193475245749,1992,4,-1.7
1000_1500m,1992,5,-1.421601185459152,1992,5,0.4
1500_2000m,1992,5,-0.6684105506455085,1992,5,0.4
2000_2500m,1992,5,0.1366537740104473,1992,5,0.4
500_1000m,1992,5,-1.1562771201633675,1992,5,0.4
1000_1500m,1992,10,0.7437323159868434,1992,10,-2.3
1500_2000m,1992,10,0.6957621101294725,1992,10,-2.3
2000_2500m,1992,10,0.5386621208093373,1992,10,-2.3
500_1000m,1992,10,0.5362499668874563,1992,10,-2.3
1000_1500m,1992,11,0.6826781531097192,1992,11,-1.1
1500_2000m,1992,11,1.0233611741800848,1992,11,-1.1
2000_2500m,1992,11,0.6528584221557019,1992,11,-1.1
500_1000m,1992,11,0.12452516584531567,1992,11,-1.1
1000_1500m,1992,12,-0.1666145157760668,1992,12,-0.9
1500_2000m,1992,12,0.3705961999331493,1992,12,-0.9
2000_2500m,1992,12,0.48313652759072184,1992,12,-0.9
500_1000m,1992,12,-0.3061780078930879,1992,12,-0.9
1000_1500m,1993,1,0.1307928782093128,1993,1,-1.5
1500_2000m,1993,1,-0.31356551827364104,1993,1,-1.5
2000_2500m,1993,1,0.6193322996765829,1993,1,-1.5
500_1000m,1993,1,0.16920850994340877,1993,1,-1.5
1000_1500m,1993,2,0.5891166362546778,1993,2,-1.2
1500_2000m,1993,2,0.21471409581377318,1993,2,-1.2
2000_2500m,1993,2,0.5640743637237268,1993,2,-1.2
500_1000m,1993,2,0.29024841219037256,1993,2,-1.2
1000_1500m,1993,3,-1.1087096967301693,1993,3,-0.8
1500_2000m,1993,3,-1.1550627527772277,1993,3,-0.8
2000_2500m,1993,3,0.11322001277026209,1993,3,-0.8
500_1000m,1993,3,-0.9080285082577203,1993,3,-0.8
1000_1500m,1993,4,-0.5749427930248773,1993,4,-1.9
1500_2000m,1993,4,-0.36562846855651715,1993,4,-1.9
2000_2500m,1993,4,0.14486873471397288,1993,4,-1.9
500_1000m,1993,4,-1.3089279920209675,1993,4,-1.9
1000_1500m,1993,5,-0.8635157217041226,1993,5,-0.6
1500_2000m,1993,5,-0.5522533482305663,1993,5,-0.6
2000_2500m,1993,5,-0.13146096754559186,1993,5,-0.6
500_1000m,1993,5,-0.5394074376294059,1993,5,-0.6
1000_1500m,1993,10,-0.3999407049193396,1993,10,-1.8
1500_2000m,1993,10,-0.35254577986473795,1993,10,-1.8
2000_2500m,1993,10,-0.28341725526042827,1993,10,-1.8
500_1000m,1993,10,0.07123454342323178,1993,10,-1.8
1000_1500m,1993,11,-0.09893710196107468,1993,11,-0.1
1500_2000m,1993,11,-0.037844981783424866,1993,11,-0.1
2000_2500m,1993,11,0.08194986729740389,1993,11,-0.1
500_1000m,1993,11,-0.06812030434556929,1993,11,-0.1
1000_1500m,1993,12,-1.1832437012824597,1993,12,0.3
1500_2000m,1993,12,-0.8482827876711748,1993,12,0.3
2000_2500m,1993,12,0.2319077411885062,1993,12,0.3
500_1000m,1993,12,-0.519670246254512,1993,12,0.3
1000_1500m,1994,1,-0.7220473552942226,1994,1,-0.2
1500_2000m,1994,1,-0.5845440409830625,1994,1,-0.2
2000_2500m,1994,1,0.24461047698380614,1994,1,-0.2
500_1000m,1994,1,-0.2798360632015076,1994,1,-0.2
1000_1500m,1994,2,-1.2721187807052294,1994,2,0.4
1500_2000m,1994,2,-1.0050244502455221,1994,2,0.4
2000_2500m,1994,2,0.35426006739456717,1994,2,0.4
500_1000m,1994,2,-1.5936031319847808,1994,2,0.4
1000_1500m,1994,3,-0.8851296013233542,1994,3,-1.1
1500_2000m,1994,3,-1.2237697802440737,1994,3,-1.1
2000_2500m,1994,3,0.345059978265869,1994,3,-1.1
500_1000m,1994,3,-0.5527363378279408,1994,3,-1.1
1000_1500m,1994,4,-0.1667896666126219,1994,4,-2.1
1500_2000m,1994,4,0.12789684398848122,1994,4,-2.1
2000_2500m,1994,4,0.5687379011187751,1994,4,-2.1
500_1000m,1994,4,0.07165953407694722,1994,4,-2.1
1000_1500m,1994,5,0.5646121108435859,1994,5,-1.1
1500_2000m,1994,5,0.9414102590932686,1994,5,-1.1
2000_2500m,1994,5,1.383774968410254,1994,5,-1.1
500_1000m,1994,5,-0.0876306817398001,1994,5,-1.1
1000_1500m,1994,10,0.2906249131895064,1994,10,-1.9
1500_2000m,1994,10,0.3772148194535569,1994,10,-1.9
2000_2500m,1994,10,0.46785986073001834,1994,10,-1.9
500_1000m,1994,10,0.24639205115764495,1994,10,-1.9
1000_1500m,1994,11,-0.020870974587602214,1994,11,-0.9
1500_2000m,1994,11,-0.11663252185279586,1994,11,-0.9
2000_2500m,1994,11,0.33129166450883407,1994,11,-0.9
500_1000m,1994,11,-0.2403983543440899,1994,11,-0.9
1000_1500m,1994,12,-0.6843916735921886,1994,12,-2.0
1500_2000m,1994,12,-0.7879012745739736,1994,12,-2.0
2000_2500m,1994,12,0.3867125677363528,1994,12,-2.0
500_1000m,1994,12,-1.205395427974657,1994,12,-2.0
1000_1500m,1995,1,0.6340830948889009,1995,1,-0.7
1500_2000m,1995,1,0.7310162645603315,1995,1,-0.7
2000_2500m,1995,1,1.903621967499696,1995,1,-0.7
500_1000m,1995,1,0.9945626143295877,1995,1,-0.7
1000_1500m,1995,2,-0.16534530734176708,1995,2,-0.2
1500_2000m,1995,2,0.38937442028319896,1995,2,-0.2
2000_2500m,1995,2,1.7630320962904484,1995,2,-0.2
500_1000m,1995,2,0.5200388967249714,1995,2,-0.2
1000_1500m,1995,3,-0.1557189895959689,1995,3,1.2
1500_2000m,1995,3,0.03899264828089847,1995,3,1.2
2000_2500m,1995,3,1.355011222369975,1995,3,1.2
500_1000m,1995,3,0.23973851352744485,1995,3,1.2
1000_1500m,1995,4,0.7326697558540569,1995,4,-1.1
1500_2000m,1995,4,0.5029540709628035,1995,4,-1.1
2000_2500m,1995,4,1.4268163656516972,1995,4,-1.1
500_1000m,1995,4,0.5237761923708534,1995,4,-1.1
1000_1500m,1995,5,1.571052716501817,1995,5,-0.6
1500_2000m,1995,5,1.6409166501144743,1995,5,-0.6
2000_2500m,1995,5,2.008562672439375,1995,5,-0.6
500_1000m,1995,5,1.6332888442126505,1995,5,-0.6
1000_1500m,1995,10,-0.7667589399063,1995,10,0.0
1500_2000m,1995,10,-0.10129465042521608,1995,10,0.0
2000_2500m,1995,10,1.1340067165322834,1995,10,0.0
500_1000m,1995,10,-1.1607682756094964,1995,10,0.0
1000_1500m,1995,11,0.38771571670827404,1995,11,0.1
1500_2000m,1995,11,0.4656086202121688,1995,11,0.1
2000_2500m,1995,11,0.95883322114625,1995,11,0.1
500_1000m,1995,11,0.3957950949530122,1995,11,0.1
1000_1500m,1995,12,1.176397980768176,1995,12,-0.8
1500_2000m,1995,12,0.9516738835449434,1995,12,-0.8
2000_2500m,1995,12,1.4894793759418326,1995,12,-0.8
500_1000m,1995,12,1.1505345515605525,1995,12,-0.8
1000_1500m,1996,1,2.2299273680443843,1996,1,1.6
1500_2000m,1996,1,1.6521291948195445,1996,1,1.6
2000_2500m,1996,1,0.07346533896485039,1996,1,1.6
500_1000m,1996,1,0.9998561240204831,1996,1,1.6
1000_1500m,1996,2,1.3465442958232423,1996,2,0.4
1500_2000m,1996,2,1.1296471314038639,1996,2,0.4
2000_2500m,1996,2,-0.27385576976753023,1996,2,0.4
500_1000m,1996,2,-0.07418469535078893,1996,2,0.4
1000_1500m,1996,3,1.3821749711216214,1996,3,1.9
1500_2000m,1996,3,1.0049456625790762,1996,3,1.9
2000_2500m,1996,3,-0.37755374676694486,1996,3,1.9
500_1000m,1996,3,0.33432545913457584,1996,3,1.9
1000_1500m,1996,4,-1.3428193438300866,1996,4,1.3
1500_2000m,1996,4,-0.8676161808851356,1996,4,1.3
2000_2500m,1996,4,-1.1519464136636797,1996,4,1.3
500_1000m,1996,4,-1.1366465946738504,1996,4,1.3
1000_1500m,1996,5,1.0217938552274677,1996,5,0.5
1500_2000m,1996,5,0.19711443204072823,1996,5,0.5
2000_2500m,1996,5,-1.0898167219128039,1996,5,0.5
500_1000m,1996,5,0.8691482605780178,1996,5,0.5
1000_1500m,1996,10,-0.07853157184770028,1996,10,1.0
1500_2000m,1996,10,-0.5556146360360874,1996,10,1.0
2000_2500m,1996,10,-1.144845952342681,1996,10,1.0
500_1000m,1996,10,0.17442359665667012,1996,10,1.0
1000_1500m,1996,11,1.620257710486555,1996,11,-0.1
1500_2000m,1996,11,0.8568274821913011,1996,11,-0.1
2000_2500m,1996,11,-0.5590108004784174,1996,11,-0.1
500_1000m,1996,11,0.7426685152348694,1996,11,-0.1
1000_1500m,1996,12,1.9773359601900726,1996,12,1.5
1500_2000m,1996,12,1.6157408606138437,1996,12,1.5
2000_2500m,1996,12,-0.10521585114597368,1996,12,1.5
500_1000m,1996,12,0.8716408764846814,1996,12,1.5
1000_1500m,1997,1,0.6923163516096172,1997,1,0.8
1500_2000m,1997,1,-0.08898069249156673,1997,1,0.8
2000_2500m,1997,1,-1.9364063511770342,1997,1,0.8
500_1000m,1997,1,-0.3017847851966976,1997,1,0.8
1000_1500m,1997,2,-1.1770183968434345,1997,2,2.9
1500_2000m,1997,2,-0.7174657202009175,1997,2,2.9
2000_2500m,1997,2,-1.8628023978512798,1997,2,2.9
500_1000m,1997,2,-1.7953545197683005,1997,2,2.9
1000_1500m,1997,3,1.3248389964276557,1997,3,-0.7
1500_2000m,1997,3,0.6705312793295857,1997,3,-0.7
2000_2500m,1997,3,-1.2609933942425589,1997,3,-0.7
500_1000m,1997,3,0.47499453893718346,1997,3,-0.7
1000_1500m,1997,4,-0.08815809376355475,1997,4,-1.0
1500_2000m,1997,4,0.6340878930906995,1997,4,-1.0
2000_2500m,1997,4,-0.8931246640815851,1997,4,-1.0
500_1000m,1997,4,-0.9858805815323939,1997,4,-1.0
1000_1500m,1997,5,-1.8166897595029268,1997,5,-2.2
1500_2000m,1997,5,-1.6598391365138767,1997,5,-2.2
2000_2500m,1997,5,-1.7787121062401916,1997,5,-2.2
500_1000m,1997,5,-1.2124413171162798,1997,5,-2.2
1000_1500m,1997,10,-0.5451267827374243,1997,10,-2.4
1500_2000m,1997,10,-0.9391020772122456,1997,10,-2.4
2000_2500m,1997,10,-1.4653362179640426,1997,10,-2.4
500_1000m,1997,10,-0.3596589824132777,1997,10,-2.4
1000_1500m,1997,11,-2.1794341215207793,1997,11,-2.0
1500_2000m,1997,11,-2.077674439740286,1997,11,-2.0
2000_2500m,1997,11,-2.1916179754356526,1997,11,-2.0
500_1000m,1997,11,-1.1180524360673505,1997,11,-2.0
1000_1500m,1997,12,-1.7184497747043688,1997,12,-1.6
1500_2000m,1997,12,-1.9622214693501254,1997,12,-1.6
2000_2500m,1997,12,-2.244150882991661,1997,12,-1.6
500_1000m,1997,12,-1.7787727457202696,1997,12,-1.6
1000_1500m,1998,1,0.24820388234808088,1998,1,-4.4
1500_2000m,1998,1,-0.5318218929022754,1998,1,-4.4
2000_2500m,1998,1,-1.2540311888026694,1998,1,-4.4
500_1000m,1998,1,0.26345142893856993,1998,1,-4.4
1000_1500m,1998,2,-1.946624190740927,1998,2,-3.4
1500_2000m,1998,2,-1.9418540212771802,1998,2,-3.4
2000_2500m,1998,2,-1.1272447310773,1998,2,-3.4
500_1000m,1998,2,-1.0114220906157763,1998,2,-3.4
1000_1500m,1998,3,-0.927250321199051,1998,3,-4.0
1500_2000m,1998,3,-1.2172480958955478,1998,3,-4.0
2000_2500m,1998,3,-0.8711775608336249,1998,3,-4.0
500_1000m,1998,3,-1.2300859606469383,1998,3,-4.0
1000_1500m,1998,4,-0.24106976676579175,1998,4,-2.4
1500_2000m,1998,4,-0.30540225760348433,1998,4,-2.4
2000_2500m,1998,4,-0.559887257120477,1998,4,-2.4
500_1000m,1998,4,-0.2260692690393537,1998,4,-2.4
1000_1500m,1998,5,0.3292508818344795,1998,5,0.4
1500_2000m,1998,5,0.4237640319387387,1998,5,0.4
2000_2500m,1998,5,0.5654271968362184,1998,5,0.4
500_1000m,1998,5,0.6983585001141884,1998,5,0.4
1000_1500m,1998,10,-1.2321153568922436,1998,10,1.8
1500_2000m,1998,10,-1.232375206116166,1998,10,1.8
2000_2500m,1998,10,-0.7774982113681241,1998,10,1.8
500_1000m,1998,10,-0.8517380444649535,1998,10,1.8
1000_1500m,1998,11,-0.8995823693190492,1998,11,1.7
1500_2000m,1998,11,-1.296166911183161,1998,11,1.7
2000_2500m,1998,11,-1.754910761010355,1998,11,1.7
500_1000m,1998,11,-0.7843670516486033,1998,11,1.7
1000_1500m,1998,12,-1.0356009170214586,1998,12,2.3
1500_2000m,1998,12,-1.284596000123918,1998,12,2.3
2000_2500m,1998,12,-1.6530151291412207,1998,12,2.3
500_1000m,1998,12,-1.059982022213202,1998,12,2.3
1000_1500m,1999,1,-0.37242538820192583,1999,1,3.0
1500_2000m,1999,1,-0.7752865022760819,1999,1,3.0
2000_2500m,1999,1,-0.5169614145443835,1999,1,3.0
500_1000m,1999,1,-0.3898575209015754,1999,1,3.0
1000_1500m,1999,2,1.391121674946465,1999,2,1.6
1500_2000m,1999,2,0.2865186003333287,1999,2,1.6
2000_2500m,1999,2,0.00820738950236242,1999,2,1.6
500_1000m,1999,2,0.35204262920822227,1999,2,1.6
1000_1500m,1999,3,0.9519187827331457,1999,3,2.1
1500_2000m,1999,3,0.48915646866464807,1999,3,2.1
2000_2500m,1999,3,0.4790230776492485,1999,3,2.1
500_1000m,1999,3,-0.09442944978983903,1999,3,2.1
1000_1500m,1999,4,0.3793664627495997,1999,4,2.3
1500_2000m,1999,4,0.017047600916730625,1999,4,2.3
2000_2500m,1999,4,0.36981755099213226,1999,4,2.3
500_1000m,1999,4,0.3414521160444446,1999,4,2.3
1000_1500m,1999,5,-0.23210702555297172,1999,5,0.4
1500_2000m,1999,5,-0.6617788906337302,1999,5,0.4
2000_2500m,1999,5,0.2687216717618625,1999,5,0.4
500_1000m,1999,5,-0.5540008734346922,1999,5,0.4
1000_1500m,1999,10,0.6365841251737937,1999,10,1.6
1500_2000m,1999,10,1.0943828940793776,1999,10,1.6
2000_2500m,1999,10,1.3976556118916572,1999,10,1.6
500_1000m,1999,10,0.8146446372753152,1999,10,1.6
1000_1500m,1999,11,-1.4028536148823747,1999,11,1.7
1500_2000m,1999,11,-1.1999782622166384,1999,11,1.7
2000_2500m,1999,11,0.4285219912242712,1999,11,1.7
500_1000m,1999,11,-1.0301883527169953,1999,11,1.7
1000_1500m,1999,12,-2.215703853097102,1999,12,2.4
1500_2000m,1999,12,-1.900667151125759,1999,12,2.4
2000_2500m,1999,12,-0.3741560284235417,1999,12,2.4
500_1000m,1999,12,-2.1515714122818084,1999,12,2.4
1000_1500m,2000,1,-0.9093369080734496,2000,1,1.1
1500_2000m,2000,1,-1.040340437511168,2000,1,1.1
2000_2500m,2000,1,-0.8133807276791474,2000,1,1.1
500_1000m,2000,1,-1.858571124383398,2000,1,1.1
1000_1500m,2000,2,0.030160687730337435,2000,2,2.7
1500_2000m,2000,2,-0.4096264218891257,2000,2,2.7
2000_2500m,2000,2,-0.6835722926769966,2000,2,2.7
500_1000m,2000,2,-0.49069947097354477,2000,2,2.7
1000_1500m,2000,3,-0.8786301773330247,2000,3,2.2
1500_2000m,2000,3,-0.8396225496483744,2000,3,2.2
2000_2500m,2000,3,-0.7356024278547085,2000,3,2.2
500_1000m,2000,3,-1.2505823014093436,2000,3,2.2
1000_1500m,2000,4,1.109373967603814,2000,4,2.0
1500_2000m,2000,4,0.7539350025869986,2000,4,2.0
2000_2500m,2000,4,-0.2149200837920269,2000,4,2.0
500_1000m,2000,4,-0.09551399867815306,2000,4,2.0
1000_1500m,2000,5,-1.3264299417734244,2000,5,0.6
1500_2000m,2000,5,-1.5142404858699186,2000,5,0.6
2000_2500m,2000,5,-0.7860205933765497,2000,5,0.6
500_1000m,2000,5,-1.3005650319327293,2000,5,0.6
1000_1500m,2000,10,-0.5774948924876208,2000,10,1.8
1500_2000m,2000,10,-1.124130630921249,2000,10,1.8
2000_2500m,2000,10,-1.3272655434923273,2000,10,1.8
500_1000m,2000,10,-0.4329350035433118,2000,10,1.8
1000_1500m,2000,11,-0.45312612056452045,2000,11,3.0
1500_2000m,2000,11,-0.6218396504126142,2000,11,3.0
2000_2500m,2000,11,-1.2219590889200145,2000,11,3.0
500_1000m,2000,11,-0.46625323120245205,2000,11,3.0
1000_1500m,2000,12,-0.04635701373487935,2000,12,1.3
1500_2000m,2000,12,-0.4195777875808063,2000,12,1.3
2000_2500m,2000,12,-1.218495761282195,2000,12,1.3
500_1000m,2000,12,-0.6497459231958185,2000,12,1.3
1000_1500m,2001,1,-0.18163105894065376,2001,1,1.6
1500_2000m,2001,1,-0.6897319830568033,2001,1,1.6
2000_2500m,2001,1,-0.3877863676174398,2001,1,1.6
500_1000m,2001,1,-1.1730247506793305,2001,1,1.6
1000_1500m,2001,2,0.02230770427536534,2001,2,2.8
1500_2000m,2001,2,-0.17454428962241564,2001,2,2.8
2000_2500m,2001,2,-0.1361721593848785,2001,2,2.8
500_1000m,2001,2,-0.5968130991634855,2001,2,2.8
1000_1500m,2001,3,1.5758931831495253,2001,3,1.5
1500_2000m,2001,3,0.9278760795042067,2001,3,1.5
2000_2500m,2001,3,0.38858403928270524,2001,3,1.5
500_1000m,2001,3,0.8452252261745203,2001,3,1.5
1000_1500m,2001,4,1.3591327224721745,2001,4,0.3
1500_2000m,2001,4,0.761468177127223,2001,4,0.3
2000_2500m,2001,4,0.1982986966603595,2001,4,0.3
500_1000m,2001,4,0.4484680370282908,2001,4,0.3
1000_1500m,2001,5,2.158809793307986,2001,5,-0.8
1500_2000m,2001,5,1.6549820302166514,2001,5,-0.8
2000_2500m,2001,5,0.6725416994990565,2001,5,-0.8
500_1000m,2001,5,1.9532550182859552,2001,5,-0.8
1000_1500m,2001,10,0.18447948408949832,2001,10,-0.1
1500_2000m,2001,10,-0.5085584195229907,2001,10,-0.1
2000_2500m,2001,10,-0.46624447522623114,2001,10,-0.1
500_1000m,2001,10,-0.13641929174529316,2001,10,-0.1
1000_1500m,2001,11,0.08564802537256543,2001,11,1.1
1500_2000m,2001,11,-0.36098370332337054,2001,11,1.1
2000_2500m,2001,11,-0.8560916483423153,2001,11,1.1
500_1000m,2001,11,-0.22645845943092133,2001,11,1.1
1000_1500m,2001,12,1.0847532192818456,2001,12,-1.4
1500_2000m,2001,12,0.40129841174449304,2001,12,-1.4
2000_2500m,2001,12,-0.29356178282629314,2001,12,-1.4
500_1000m,2001,12,-0.08821488776313315,2001,12,-1.4
1000_1500m,2002,1,-0.893610653993595,2002,1,0.7
1500_2000m,2002,1,-1.4480301030837617,2002,1,0.7
2000_2500m,2002,1,-1.7617639089874801,2002,1,0.7
500_1000m,2002,1,-0.8115431436078905,2002,1,0.7
1000_1500m,2002,2,1.075969920140838,2002,2,1.8
1500_2000m,2002,2,0.04811266400868227,2002,2,1.8
2000_2500m,2002,2,-1.364550183751484,2002,2,1.8
500_1000m,2002,2,0.3028628545138816,2002,2,1.8
1000_1500m,2002,3,0.8600368762853388,2002,3,-0.4
1500_2000m,2002,3,0.13759531996033172,2002,3,-0.4
2000_2500m,2002,3,-1.1668204555520585,2002,3,-0.4
500_1000m,2002,3,0.4746092070067829,2002,3,-0.4
1000_1500m,2002,4,0.8843551624357103,2002,4,-0.1
1500_2000m,2002,4,-0.24398731566200665,2002,4,-0.1
2000_2500m,2002,4,-1.1141768298500097,2002,4,-0.1
500_1000m,2002,4,0.4798500141785624,2002,4,-0.1
1000_1500m,2002,5,1.7380718158518653,2002,5,-1.4
1500_2000m,2002,5,1.0482347047245844,2002,5,-1.4
2000_2500m,2002,5,-0.17018818406131,2002,5,-1.4
500_1000m,2002,5,1.9260638927805815,2002,5,-1.4
1000_1500m,2002,10,0.7352286395102908,2002,10,-0.6
1500_2000m,2002,10,0.7656034954166161,2002,10,-0.6
2000_2500m,2002,10,0.6209060939886781,2002,10,-0.6
500_1000m,2002,10,0.31638069412070724,2002,10,-0.6
1000_1500m,2002,11,-0.3751009828720312,2002,11,-0.7
1500_2000m,2002,11,-0.5902363405356461,2002,11,-0.7
2000_2500m,2002,11,-0.8193503136021905,2002,11,-0.7
500_1000m,2002,11,-0.4560921713774597,2002,11,-0.7
1000_1500m,2002,12,-1.4522454379347642,2002,12,-1.8
1500_2000m,2002,12,-1.663883723417715,2002,12,-1.8
2000_2500m,2002,12,-1.6399647333846563,2002,12,-1.8
500_1000m,2002,12,-1.5698335055571737,2002,12,-1.8
1000_1500m,2003,1,0.3530033174246071,2003,1,-0.3
1500_2000m,2003,1,0.2771389207063193,2003,1,-0.3
2000_2500m,2003,1,0.17650829105182422,2003,1,-0.3
500_1000m,2003,1,-0.5356645593074069,2003,1,-0.3
1000_1500m,2003,2,0.8982786300809296,2003,2,-1.1
1500_2000m,2003,2,0.5864746589917714,2003,2,-1.1
2000_2500m,2003,2,0.26749613683759976,2003,2,-1.1
500_1000m,2003,2,0.5921009871701708,2003,2,-1.1
1000_1500m,2003,3,-0.5453263245467148,2003,3,-0.5
1500_2000m,2003,3,-0.5538320686997373,2003,3,-0.5
2000_2500m,2003,3,-0.11113494292128477,2003,3,-0.5
500_1000m,2003,3,-0.26099507432510366,2003,3,-0.5
1000_1500m,2003,4,-0.44899031820241986,2003,4,-0.2
1500_2000m,2003,4,-1.020372968730777,2003,4,-0.2
2000_2500m,2003,4,-0.5718531617913132,2003,4,-0.2
500_1000m,2003,4,-0.8547945148668116,2003,4,-0.2
1000_1500m,2003,5,1.1084161658474134,2003,5,-0.5
1500_2000m,2003,5,0.6901861395572234,2003,5,-0.5
2000_2500m,2003,5,-0.2304168486934521,2003,5,-0.5
500_1000m,2003,5,0.8889666024505618,2003,5,-0.5
1000_1500m,2003,10,0.4906938029281755,2003,10,0.0
1500_2000m,2003,10,-0.11028935356157711,2003,10,0.0
2000_2500m,2003,10,-0.8233152565670439,2003,10,0.0
500_1000m,2003,10,0.9418949276827391,2003,10,0.0
1000_1500m,2003,11,1.9321241840073364,2003,11,-0.5
1500_2000m,2003,11,1.9210291058406728,2003,11,-0.5
2000_2500m,2003,11,0.8289950838419476,2003,11,-0.5
500_1000m,2003,11,1.8945696379187391,2003,11,-0.5
1000_1500m,2003,12,-0.07444422003944492,2003,12,1.8
1500_2000m,2003,12,0.34683821026837097,2003,12,1.8
2000_2500m,2003,12,0.7154700330453805,2003,12,1.8
500_1000m,2003,12,-0.3486074430032682,2003,12,1.8
1000_1500m,2004,1,0.3286323818645695,2004,1,-2.2
1500_2000m,2004,1,-0.2822242965038027,2004,1,-2.2
2000_2500m,2004,1,-0.8368201516014488,2004,1,-2.2
500_1000m,2004,1,0.03289326096173171,2004,1,-2.2
1000_1500m,2004,2,-0.4876325463033911,2004,2,2.0
1500_2000m,2004,2,-1.0327014190294113,2004,2,2.0
2000_2500m,2004,2,-1.1445361577978979,2004,2,2.0
500_1000m,2004,2,-1.3480536019141807,2004,2,2.0
1000_1500m,2004,3,-0.6305868200889606,2004,3,0.7
1500_2000m,2004,3,-1.0093164184601593,2004,3,0.7
2000_2500m,2004,3,-1.6692150723812063,2004,3,0.7
500_1000m,2004,3,-0.7901925479193974,2004,3,0.7
1000_1500m,2004,4,-1.3882053402854153,2004,4,-1.5
1500_2000m,2004,4,-1.680896277905095,2004,4,-1.5
2000_2500m,2004,4,-1.8622868596635338,2004,4,-1.5
500_1000m,2004,4,-0.9898518010244824,2004,4,-1.5
1000_1500m,2004,5,-0.20491444446629828,2004,5,1.7
1500_2000m,2004,5,-0.8564938497982356,2004,5,1.7
2000_2500m,2004,5,-1.759213957429666,2004,5,1.7
500_1000m,2004,5,-0.011647441658611939,2004,5,1.7
1000_1500m,2004,10,0.7104194568039554,2004,10,-0.1
1500_2000m,2004,10,0.4188493227097867,2004,10,-0.1
2000_2500m,2004,10,0.15979411259885795,2004,10,-0.1
500_1000m,2004,10,0.5380175761751506,2004,10,-0.1
1000_1500m,2004,11,-1.39423455157264,2004,11,-1.1
1500_2000m,2004,11,-1.4194019955409052,2004,11,-1.1
2000_2500m,2004,11,-0.991647813416815,2004,11,-1.1
500_1000m,2004,11,-1.3062588380734343,2004,11,-1.1
1000_1500m,2004,12,-0.5294502405217207,2004,12,-1.3
1500_2000m,2004,12,-1.0429223840566457,2004,12,-1.3
2000_2500m,2004,12,-1.1259718580882714,2004,12,-1.3
500_1000m,2004,12,-0.6374791295807617,2004,12,-1.3
1000_1500m,2005,1,-2.201480338149822,2005,1,0.6
1500_2000m,2005,1,-1.8488822156524873,2005,1,0.6
2000_2500m,2005,1,-1.3487113104601764,2005,1,0.6
500_1000m,2005,1,-1.50389250655303,2005,1,0.6
1000_1500m,2005,2,-0.7391842482497767,2005,2,-5.2
1500_2000m,2005,2,-1.6256846940270828,2005,2,-5.2
2000_2500m,2005,2,-1.5794841715926022,2005,2,-5.2
500_1000m,2005,2,-0.9856204222798391,2005,2,-5.2
1000_1500m,2005,3,0.4554508425623747,2005,3,0.5
1500_2000m,2005,3,-0.2863917162868048,2005,3,0.5
2000_2500m,2005,3,-1.431631717638587,2005,3,0.5
500_1000m,2005,3,0.1316402083826945,2005,3,0.5
1000_1500m,2005,4,-1.9710603221608551,2005,4,-1.0
1500_2000m,2005,4,-1.5694237343035173,2005,4,-1.0
2000_2500m,2005,4,-1.5232372644444372,2005,4,-1.0
500_1000m,2005,4,-2.1915247043274637,2005,4,-1.0
1000_1500m,2005,5,-0.7758009149322922,2005,5,-1.3
1500_2000m,2005,5,-0.8257027638263877,2005,5,-1.3
2000_2500m,2005,5,-1.2149741304804065,2005,5,-1.3
500_1000m,2005,5,-0.9383935205800085,2005,5,-1.3
1000_1500m,2005,10,-1.408312301748683,2005,10,2.0
1500_2000m,2005,10,-0.822253268647204,2005,10,2.0
2000_2500m,2005,10,0.23408659991605407,2005,10,2.0
500_1000m,2005,10,-1.5833773229745218,2005,10,2.0
1000_1500m,2005,11,-0.8259284898183807,2005,11,-0.3
1500_2000m,2005,11,-0.5547666585883878,2005,11,-0.3
2000_2500m,2005,11,-0.27917642164551437,2005,11,-0.3
500_1000m,2005,11,-1.260080773714737,2005,11,-0.3
1000_1500m,2005,12,-0.6684393410870711,2005,12,-0.0
1500_2000m,2005,12,-0.6204350492593377,2005,12,-0.0
2000_2500m,2005,12,-0.9020408820931503,2005,12,-0.0
500_1000m,2005,12,-0.9408093026427883,2005,12,-0.0
1000_1500m,2006,1,-1.2845962663925226,2006,1,2.7
1500_2000m,2006,1,-1.3255878114128057,2006,1,2.7
2000_2500m,2006,1,0.05101311366192349,2006,1,2.7
500_1000m,2006,1,-1.335675046777682,2006,1,2.7
1000_1500m,2006,2,0.6766367594480875,2006,2,0.2
1500_2000m,2006,2,-0.1388812615311078,2006,2,0.2
2000_2500m,2006,2,-0.12276821365668703,2006,2,0.2
500_1000m,2006,2,-0.03388372616800011,2006,2,0.2
1000_1500m,2006,3,-0.2623392855458405,2006,3,2.9
1500_2000m,2006,3,-0.7505627566220167,2006,3,2.9
2000_2500m,2006,3,-0.3477545688474812,2006,3,2.9
500_1000m,2006,3,-0.7415932031363085,2006,3,2.9
1000_1500m,2006,4,0.4154524148301959,2006,4,1.8
1500_2000m,2006,4,-0.46336033007350275,2006,4,1.8
2000_2500m,2006,4,-0.5374068027992176,2006,4,1.8
500_1000m,2006,4,0.886462539840938,2006,4,1.8
1000_1500m,2006,5,0.5454717580278232,2006,5,-0.8
1500_2000m,2006,5,0.035043703482616415,2006,5,-0.8
2000_2500m,2006,5,-0.6011023657419553,2006,5,-0.8
500_1000m,2006,5,0.6111201307432503,2006,5,-0.8
1000_1500m,2006,10,0.2564133767992804,2006,10,-2.1
1500_2000m,2006,10,0.05429201252885567,2006,10,-2.1
2000_2500m,2006,10,-0.5525609529177522,2006,10,-2.1
500_1000m,2006,10,0.06460686707065358,2006,10,-2.1
1000_1500m,2006,11,0.5582413352708568,2006,11,0.1
1500_2000m,2006,11,0.20914867687348612,2006,11,0.1
2000_2500m,2006,11,0.5526388037659544,2006,11,0.1
500_1000m,2006,11,-0.049672853267404705,2006,11,0.1
1000_1500m,2006,12,-0.6845604819014627,2006,12,-0.5
1500_2000m,2006,12,-0.8343161223247181,2006,12,-0.5
2000_2500m,2006,12,0.31756294538627805,2006,12,-0.5
500_1000m,2006,12,-0.655762029939803,2006,12,-0.5
1000_1500m,2007,1,-0.08384799401857697,2007,1,-1.3
1500_2000m,2007,1,-0.11858733142351878,2007,1,-1.3
2000_2500m,2007,1,-0.22177819964768655,2007,1,-1.3
500_1000m,2007,1,-0.6449997099572513,2007,1,-1.3
1000_1500m,2007,2,0.2556350487798226,2007,2,-0.1
1500_2000m,2007,2,0.23597390254414055,2007,2,-0.1
2000_2500m,2007,2,-0.21056631523541477,2007,2,-0.1
500_1000m,2007,2,0.09029579090148407,2007,2,-0.1
1000_1500m,2007,3,-1.4528146117133036,2007,3,0.3
1500_2000m,2007,3,-1.0857199351563411,2007,3,0.3
2000_2500m,2007,3,-0.7240675311742245,2007,3,0.3
500_1000m,2007,3,-1.1775237820128115,2007,3,0.3
1000_1500m,2007,4,0.8351987226404302,2007,4,-0.2
1500_2000m,2007,4,0.0857351956203914,2007,4,-0.2
2000_2500m,2007,4,-0.5458225202116171,2007,4,-0.2
500_1000m,2007,4,1.015235458548407,2007,4,-0.2
1000_1500m,2007,5,0.5409168571836361,2007,5,-0.2
1500_2000m,2007,5,0.3928302871522893,2007,5,-0.2
2000_2500m,2007,5,-0.004363840189200595,2007,5,-0.2
500_1000m,2007,5,0.4414905242525842,2007,5,-0.2
1000_1500m,2007,10,-1.000599794922276,2007,10,1.2
1500_2000m,2007,10,-0.5659272034503194,2007,10,1.2
2000_2500m,2007,10,0.22597575823810254,2007,10,1.2
500_1000m,2007,10,-1.4916389790265223,2007,10,1.2
1000_1500m,2007,11,-1.0728161053481586,2007,11,1.4
1500_2000m,2007,11,-1.0831329442188091,2007,11,1.4
2000_2500m,2007,11,-0.665964334260184,2007,11,1.4
500_1000m,2007,11,-0.8558850610636349,2007,11,1.4
1000_1500m,2007,12,-0.18896622990339013,2007,12,2.7
1500_2000m,2007,12,-0.41498167582545814,2007,12,2.7
2000_2500m,2007,12,-0.5635711382912834,2007,12,2.7
500_1000m,2007,12,0.07118997632082942,2007,12,2.7
1000_1500m,2008,1,1.505410312309898,2008,1,2.9
1500_2000m,2008,1,0.984560892597327,2008,1,2.9
2000_2500m,2008,1,0.24712925774502142,2008,1,2.9
500_1000m,2008,1,0.8572639290656117,2008,1,2.9
1000_1500m,2008,2,0.1537539464870308,2008,2,4.4
1500_2000m,2008,2,0.21981115815232427,2008,2,4.4
2000_2500m,2008,2,-0.2135272688837238,2008,2,4.4
500_1000m,2008,2,0.47893903181676883,2008,2,4.4
1000_1500m,2008,3,0.9017220675558586,2008,3,2.4
1500_2000m,2008,3,0.7447504813558942,2008,3,2.4
2000_2500m,2008,3,0.10704637833697467,2008,3,2.4
500_1000m,2008,3,0.5063696999177688,2008,3,2.4
1000_1500m,2008,4,0.6630112195010732,2008,4,1.1
1500_2000m,2008,4,0.7522860297095871,2008,4,1.1
2000_2500m,2008,4,0.13918292794502826,2008,4,1.1
500_1000m,2008,4,-0.06972754362592594,2008,4,1.1
1000_1500m,2008,5,0.15544608380942107,2008,5,-0.1
1500_2000m,2008,5,0.36600613687818445,2008,5,-0.1
2000_2500m,2008,5,0.2887388558073252,2008,5,-0.1
500_1000m,2008,5,0.24837319743106062,2008,5,-0.1
1000_1500m,2008,10,-1.8729176059461443,2008,10,2.1
1500_2000m,2008,10,-1.9163986082027662,2008,10,2.1
2000_2500m,2008,10,-0.989870315470044,2008,10,2.1
500_1000m,2008,10,-1.4718401588791357,2008,10,2.1
1000_1500m,2008,11,-0.48202659737420883,2008,11,2.2
1500_2000m,2008,11,-0.6899372761309739,2008,11,2.2
2000_2500m,2008,11,-0.9089369161237529,2008,11,2.2
500_1000m,2008,11,-1.1961193596385995,2008,11,2.2
1000_1500m,2008,12,1.6727484453896149,2008,12,2.4
1500_2000m,2008,12,1.1783368020586817,2008,12,2.4
2000_2500m,2008,12,0.08754640484924661,2008,12,2.4
500_1000m,2008,12,0.7632310850742847,2008,12,2.4
1000_1500m,2009,1,0.5693659271076406,2009,1,1.8
1500_2000m,2009,1,0.10744686617805856,2009,1,1.8
2000_2500m,2009,1,-0.42868803075268525,2009,1,1.8
500_1000m,2009,1,0.03603173915918213,2009,1,1.8
1000_1500m,2009,2,0.9885546066625385,2009,2,3.1
1500_2000m,2009,2,0.5827064701562813,2009,2,3.1
2000_2500m,2009,2,-0.5695746114092571,2009,2,3.1
500_1000m,2009,2,0.06935038507642531,2009,2,3.1
1000_1500m,2009,3,-1.6944387430435854,2009,3,0.7
1500_2000m,2009,3,-1.281896391583635,2009,3,0.7
2000_2500m,2009,3,-1.040057475246479,2009,3,0.7
500_1000m,2009,3,-1.6456634416383522,2009,3,0.7
1000_1500m,2009,4,-0.4880038763765008,2009,4,1.3
1500_2000m,2009,4,-1.034730470981398,2009,4,1.3
2000_2500m,2009,4,-1.321118422742968,2009,4,1.3
500_1000m,2009,4,0.33270675935800764,2009,4,1.3
1000_1500m,2009,5,0.8665110630553218,2009,5,-0.2
1500_2000m,2009,5,0.6999485615032094,2009,5,-0.2
2000_2500m,2009,5,-0.5611932637840394,2009,5,-0.2
500_1000m,2009,5,1.2943143622833022,2009,5,-0.2
1000_1500m,2009,10,0.9605676287448583,2009,10,-2.0
1500_2000m,2009,10,1.1914323397804734,2009,10,-2.0
2000_2500m,2009,10,1.0031086394829527,2009,10,-2.0
500_1000m,2009,10,0.835964651262511,2009,10,-2.0
1000_1500m,2009,11,-1.6793789590975003,2009,11,-1.0
1500_2000m,2009,11,-1.4925120900162967,2009,11,-1.0
2000_2500m,2009,11,0.12074787915585787,2009,11,-1.0
500_1000m,2009,11,-1.487189086916233,2009,11,-1.0
1000_1500m,2009,12,0.9121953217680213,2009,12,-1.2
1500_2000m,2009,12,0.2239701564233328,2009,12,-1.2
2000_2500m,2009,12,-0.09699960796089743,2009,12,-1.2
500_1000m,2009,12,0.5543407131883203,2009,12,-1.2
1000_1500m,2010,1,1.5095362100852785,2010,1,-1.8
1500_2000m,2010,1,1.2714582684799396,2010,1,-1.8
2000_2500m,2010,1,0.06916229115829979,2010,1,-1.8
500_1000m,2010,1,1.0666381958408497,2010,1,-1.8
1000_1500m,2010,2,1.2641429822772734,2010,2,-2.4
1500_2000m,2010,2,1.0955166996456736,2010,2,-2.4
2000_2500m,2010,2,0.16168029041998097,2010,2,-2.4
500_1000m,2010,2,1.2935261323695897,2010,2,-2.4
1000_1500m,2010,3,0.7736698219916439,2010,3,-1.1
1500_2000m,2010,3,0.7108967681784937,2010,3,-1.1
2000_2500m,2010,3,0.1042548118825906,2010,3,-1.1
500_1000m,2010,3,1.1193447019168625,2010,3,-1.1
1000_1500m,2010,4,1.9565942700928993,2010,4,2.0
1500_2000m,2010,4,1.6536602109018452,2010,4,2.0
2000_2500m,2010,4,0.9457687335683547,2010,4,2.0
500_1000m,2010,4,1.372044688089632,2010,4,2.0
1000_1500m,2010,5,-0.606556606426764,2010,5,1.5
1500_2000m,2010,5,0.33736508898083895,2010,5,1.5
2000_2500m,2010,5,0.7146785205518371,2010,5,1.5
500_1000m,2010,5,-0.8071949485073243,2010,5,1.5
1000_1500m,2010,10,-0.8551128058226347,2010,10,2.9
1500_2000m,2010,10,-1.223308987243869,2010,10,2.9
2000_2500m,2010,10,-1.7100299633304556,2010,10,2.9
500_1000m,2010,10,-0.7990432412440407,2010,10,2.9
1000_1500m,2010,11,1.189579500328029,2010,11,2.1
1500_2000m,2010,11,0.7030442495845868,2010,11,2.1
2000_2500m,2010,11,-0.5708682678567902,2010,11,2.1
500_1000m,2010,11,0.8784107365738202,2010,11,2.1
1000_1500m,2010,12,1.2793653902906728,2010,12,4.8
1500_2000m,2010,12,1.2333263540903912,2010,12,4.8
2000_2500m,2010,12,-0.1427658884119973,2010,12,4.8
500_1000m,2010,12,1.0689839374694128,2010,12,4.8
1000_1500m,2011,1,-0.7946056608934137,2011,1,3.8
1500_2000m,2011,1,-0.8720796251278398,2011,1,3.8
2000_2500m,2011,1,-0.683274657805205,2011,1,3.8
500_1000m,2011,1,-1.20283713751406,2011,1,3.8
1000_1500m,2011,2,-0.46707784883671605,2011,2,4.5
1500_2000m,2011,2,-0.7728228600548759,2011,2,4.5
2000_2500m,2011,2,-0.8745434885600685,2011,2,4.5
500_1000m,2011,2,-0.9962905975590123,2011,2,4.5
1000_1500m,2011,3,-0.06912751686860868,2011,3,4.2
1500_2000m,2011,3,-0.4092749430993564,2011,3,4.2
2000_2500m,2011,3,-0.48776278657486577,2011,3,4.2
500_1000m,2011,3,-0.49551118607796923,2011,3,4.2
1000_1500m,2011,4,-0.43944731819829186,2011,4,3.1
1500_2000m,2011,4,-0.6077588291351892,2011,4,3.1
2000_2500m,2011,4,-0.16461734516246362,2011,4,3.1
500_1000m,2011,4,-1.1836660942818653,2011,4,3.1
1000_1500m,2011,5,-0.300377452435499,2011,5,0.6
1500_2000m,2011,5,-0.2454188889093215,2011,5,0.6
2000_2500m,2011,5,-0.21339090285340848,2011,5,0.6
500_1000m,2011,5,-0.27259646312817226,2011,5,0.6
1000_1500m,2011,10,-2.0998304143670192,2011,10,1.2
1500_2000m,2011,10,-1.3912197596060913,2011,10,1.2
2000_2500m,2011,10,-0.47396532644936645,2011,10,1.2
500_1000m,2011,10,-2.213520174807859,2011,10,1.2
1000_1500m,2011,11,-0.7248205155408391,2011,11,1.8
1500_2000m,2011,11,-0.8310999826231856,2011,11,1.8
2000_2500m,2011,11,-0.7900449127191976,2011,11,1.8
500_1000m,2011,11,-0.7735667688435586,2011,11,1.8
1000_1500m,2011,12,0.21455693934496814,2011,12,4.1
1500_2000m,2011,12,-0.18240667883410638,2011,12,4.1
2000_2500m,2011,12,-0.38054978026024133,2011,12,4.1
500_1000m,2011,12,0.248284048085787,2011,12,4.1
1000_1500m,2012,1,1.045479250005806,2012,1,1.8
1500_2000m,2012,1,0.4328381149983117,2012,1,1.8
2000_2500m,2012,1,0.348859450628927,2012,1,1.8
500_1000m,2012,1,0.1639228600401224,2012,1,1.8
1000_1500m,2012,2,0.052412518761696274,2012,2,0.8
1500_2000m,2012,2,-0.2917141357050822,2012,2,0.8
2000_2500m,2012,2,0.019176079472040166,2012,2,0.8
500_1000m,2012,2,-0.7549042007307387,2012,2,0.8
1000_1500m,2012,3,0.5398336348874786,2012,3,1.2
1500_2000m,2012,3,0.21255612005980185,2012,3,1.2
2000_2500m,2012,3,-0.0371585231030314,2012,3,1.2
500_1000m,2012,3,-0.07798866463196788,2012,3,1.2
1000_1500m,2012,4,0.7785692221429391,2012,4,-0.4
1500_2000m,2012,4,0.31705310647449747,2012,4,-0.4
2000_2500m,2012,4,-0.23693671412520703,2012,4,-0.4
500_1000m,2012,4,0.575021859983372,2012,4,-0.4
1000_1500m,2012,5,-0.2506570207898329,2012,5,0.1
1500_2000m,2012,5,-0.2565463641927383,2012,5,0.1
2000_2500m,2012,5,-0.4626483694933796,2012,5,0.1
500_1000m,2012,5,-0.30326923806845363,2012,5,0.1
1000_1500m,2012,10,1.479007303519143,2012,10,0.5
1500_2000m,2012,10,1.1534053305859757,2012,10,0.5
2000_2500m,2012,10,0.28712774944802744,2012,10,0.5
500_1000m,2012,10,1.8231698922580466,2012,10,0.5
1000_1500m,2012,11,0.9455553004485459,2012,11,0.4
1500_2000m,2012,11,0.7400259840834229,2012,11,0.4
2000_2500m,2012,11,0.6349111992560043,2012,11,0.4
500_1000m,2012,11,0.7866597112452768,2012,11,0.4
1000_1500m,2012,12,0.6831883053478777,2012,12,-1.0
1500_2000m,2012,12,0.4658504563631997,2012,12,-1.0
2000_2500m,2012,12,0.720515990704152,2012,12,-1.0
500_1000m,2012,12,0.4284825819619361,2012,12,-1.0
1000_1500m,2013,1,0.7204477971124645,2013,1,-0.1
1500_2000m,2013,1,0.5782330043196108,2013,1,-0.1
2000_2500m,2013,1,0.9323189953228431,2013,1,-0.1
500_1000m,2013,1,1.245279738695355,2013,1,-0.1
1000_1500m,2013,2,0.5169199834311542,2013,2,-0.4
1500_2000m,2013,2,1.0062318754042872,2013,2,-0.4
2000_2500m,2013,2,0.9292902168852267,2013,2,-0.4
500_1000m,2013,2,0.9326409976787936,2013,2,-0.4
1000_1500m,2013,3,0.4843982019202217,2013,3,2.5
1500_2000m,2013,3,0.8694225833446186,2013,3,2.5
2000_2500m,2013,3,1.0597097335253747,2013,3,2.5
500_1000m,2013,3,0.6338874564360195,2013,3,2.5
1000_1500m,2013,4,0.7721442522302274,2013,4,0.4
1500_2000m,2013,4,0.6056135974405285,2013,4,0.4
2000_2500m,2013,4,0.8847522896519437,2013,4,0.4
500_1000m,2013,4,0.20742376636474041,2013,4,0.4
1000_1500m,2013,5,1.2235151652001575,2013,5,1.3
1500_2000m,2013,5,1.3058588662084039,2013,5,1.3
2000_2500m,2013,5,1.1159024414566345,2013,5,1.3
500_1000m,2013,5,0.9654542922183036,2013,5,1.3
1000_1500m,2013,10,-0.04492944796300645,2013,10,-0.1
1500_2000m,2013,10,0.11975364470166454,2013,10,-0.1
2000_2500m,2013,10,0.14542232055630094,2013,10,-0.1
500_1000m,2013,10,0.388315663491462,2013,10,-0.1
1000_1500m,2013,11,0.7539033028272437,2013,11,1.2
1500_2000m,2013,11,0.9134843107327539,2013,11,1.2
2000_2500m,2013,11,0.32021965931148183,2013,11,1.2
500_1000m,2013,11,0.7376206285231272,2013,11,1.2
1000_1500m,2013,12,1.573913087349399,2013,12,0.1
1500_2000m,2013,12,1.1740355585421594,2013,12,0.1
2000_2500m,2013,12,0.8077097750885059,2013,12,0.1
500_1000m,2013,12,1.5532098357208945,2013,12,0.1
1000_1500m,2014,1,-0.0493843214706148,2014,1,2.4
1500_2000m,2014,1,0.18661102568533466,2014,1,2.4
2000_2500m,2014,1,0.05840447153390624,2014,1,2.4
500_1000m,2014,1,0.041467690787257934,2014,1,2.4
1000_1500m,2014,2,-0.8263048133402765,2014,2,0.1
1500_2000m,2014,2,-0.5597956936163048,2014,2,0.1
2000_2500m,2014,2,0.10343646166606134,2014,2,0.1
500_1000m,2014,2,-0.39800055984625565,2014,2,0.1
1000_1500m,2014,3,-1.335817813800923,2014,3,-1.5
1500_2000m,2014,3,-0.5921687479637283,2014,3,-1.5
2000_2500m,2014,3,-0.12784625576412012,2014,3,-1.5
500_1000m,2014,3,-1.3105766508868641,2014,3,-1.5
1000_1500m,2014,4,-1.1189781817911815,2014,4,1.3
1500_2000m,2014,4,-0.9029299622203482,2014,4,1.3
2000_2500m,2014,4,-0.5091268890589469,2014,4,1.3
500_1000m,2014,4,-0.7766834491283853,2014,4,1.3
1000_1500m,2014,5,-0.37588691785719924,2014,5,0.9
1500_2000m,2014,5,-0.8089001489076048,2014,5,0.9
2000_2500m,2014,5,-0.7434328434658823,2014,5,0.9
500_1000m,2014,5,-0.5175942198408692,2014,5,0.9
1000_1500m,2014,10,-0.9496481593939667,2014,10,-1.0
1500_2000m,2014,10,-1.2509765584064383,2014,10,-1.0
2000_2500m,2014,10,-0.8823128273931136,2014,10,-1.0
500_1000m,2014,10,-0.8663887319969249,2014,10,-1.0
1000_1500m,2014,11,1.5595635522922175,2014,11,-1.5
1500_2000m,2014,11,1.1119865434347969,2014,11,-1.5
2000_2500m,2014,11,0.18785365153490735,2014,11,-1.5
500_1000m,2014,11,0.7393353864096922,2014,11,-1.5
1000_1500m,2014,12,0.35037217259706577,2014,12,-0.9
1500_2000m,2014,12,0.5802604417013452,2014,12,-0.9
2000_2500m,2014,12,0.1919434075902801,2014,12,-0.9
500_1000m,2014,12,0.1741415629916609,2014,12,-0.9
1000_1500m,2015,1,0.6370256844258093,2015,1,-1.4
1500_2000m,2015,1,0.6143966961986692,2015,1,-1.4
2000_2500m,2015,1,0.20532390768968128,2015,1,-1.4
500_1000m,2015,1,0.1208832008958697,2015,1,-1.4
1000_1500m,2015,2,-1.5227073001927625,2015,2,0.4
1500_2000m,2015,2,-0.46579740059231856,2015,2,0.4
2000_2500m,2015,2,-0.1335679238133818,2015,2,0.4
500_1000m,2015,2,-1.8118447621404152,2015,2,0.4
1000_1500m,2015,3,-1.915106223913056,2015,3,-1.2
1500_2000m,2015,3,-1.2432421213664886,2015,3,-1.2
2000_2500m,2015,3,-0.6294309383988822,2015,3,-1.2
500_1000m,2015,3,-2.188717335417462,2015,3,-1.2
1000_1500m,2015,4,-2.012308978586448,2015,4,-0.1
1500_2000m,2015,4,-1.9503694325286298,2015,4,-0.1
2000_2500m,2015,4,-1.5186221398337214,2015,4,-0.1
500_1000m,2015,4,-1.1821562386234932,2015,4,-0.1
1000_1500m,2015,5,-0.39443052858709043,2015,5,-1.2
1500_2000m,2015,5,-0.42390008879642244,2015,5,-1.2
2000_2500m,2015,5,-1.338647282580489,2015,5,-1.2
500_1000m,2015,5,-0.2539778100883149,2015,5,-1.2
1000_1500m,2015,10,-1.0754436800131864,2015,10,-2.8
1500_2000m,2015,10,-1.2232154235048702,2015,10,-2.8
2000_2500m,2015,10,-2.0762046703962027,2015,10,-2.8
500_1000m,2015,10,-1.1683568787814256,2015,10,-2.8
1000_1500m,2015,11,-0.07282036385177777,2015,11,-0.8
1500_2000m,2015,11,0.044848144629677004,2015,11,-0.8
2000_2500m,2015,11,-0.037594554944059375,2015,11,-0.8
500_1000m,2015,11,-0.3707053452580091,2015,11,-0.8
1000_1500m,2015,12,-0.12680789001257303,2015,12,-0.9
1500_2000m,2015,12,-0.0742809169412966,2015,12,-0.9
2000_2500m,2015,12,0.2828874230621202,2015,12,-0.9
500_1000m,2015,12,-0.4789889908769847,2015,12,-0.9
1000_1500m,2016,1,0.7517286856432548,2016,1,-3.6
1500_2000m,2016,1,0.6534196586333602,2016,1,-3.6
2000_2500m,2016,1,0.4709731206417207,2016,1,-3.6
500_1000m,2016,1,-0.13060779198098618,2016,1,-3.6
1000_1500m,2016,2,0.3582120843416526,2016,2,-3.2
1500_2000m,2016,2,0.5139730818940913,2016,2,-3.2
2000_2500m,2016,2,0.4128757595539485,2016,2,-3.2
500_1000m,2016,2,-0.07836559295086629,2016,2,-3.2
1000_1500m,2016,3,-0.039729407161960356,2016,3,-0.1
1500_2000m,2016,3,0.19583098097591997,2016,3,-0.1
2000_2500m,2016,3,0.5838582876539538,2016,3,-0.1
500_1000m,2016,3,-0.27219121951175607,2016,3,-0.1
1000_1500m,2016,4,0.05247034781211042,2016,4,-2.0
1500_2000m,2016,4,0.3173915508580552,2016,4,-2.0
2000_2500m,2016,4,1.0153811104189805,2016,4,-2.0
500_1000m,2016,4,-0.8083282192532921,2016,4,-2.0
1000_1500m,2016,5,-1.0475478085580032,2016,5,0.7
1500_2000m,2016,5,-0.44510070254299533,2016,5,0.7
2000_2500m,2016,5,0.888187615990288,2016,5,0.7
500_1000m,2016,5,-1.2342013159748055,2016,5,0.7
1000_1500m,2016,10,0.6065559940572354,2016,10,-0.4
1500_2000m,2016,10,0.3805622974512676,2016,10,-0.4
2000_2500m,2016,10,0.7667968769165816,2016,10,-0.4
500_1000m,2016,10,0.36677471823657043,2016,10,-0.4
1000_1500m,2016,11,-1.4312996048641078,2016,11,-0.2
1500_2000m,2016,11,-1.5566800583710378,2016,11,-0.2
2000_2500m,2016,11,-0.2221062918265879,2016,11,-0.2
500_1000m,2016,11,-1.78717245528353,2016,11,-0.2
1000_1500m,2016,12,0.32773159522655676,2016,12,0.5
1500_2000m,2016,12,-0.044504438291962094,2016,12,0.5
2000_2500m,2016,12,0.00236998041987474,2016,12,0.5
500_1000m,2016,12,-0.49401779537015494,2016,12,0.5
1000_1500m,2017,1,0.3975328119407793,2017,1,0.3
1500_2000m,2017,1,1.0060991082044044,2017,1,0.3
2000_2500m,2017,1,0.5215369150223019,2017,1,0.3
500_1000m,2017,1,0.32979766071920097,2017,1,0.3
1000_1500m,2017,2,1.5541514869307969,2017,2,-0.1
1500_2000m,2017,2,1.52547915393943,2017,2,-0.1
2000_2500m,2017,2,1.2441030792154217,2017,2,-0.1
500_1000m,2017,2,0.7302066229050795,2017,2,-0.1
1000_1500m,2017,3,1.4989674426188173,2017,3,1.5
1500_2000m,2017,3,1.7640638759368554,2017,3,1.5
2000_2500m,2017,3,1.422375964966222,2017,3,1.5
500_1000m,2017,3,1.0259425790099288,2017,3,1.5
1000_1500m,2017,4,1.6062589222958654,2017,4,-0.3
1500_2000m,2017,4,1.7923629946781745,2017,4,-0.3
2000_2500m,2017,4,1.3234850994977836,2017,4,-0.3
500_1000m,2017,4,1.2395985637915008,2017,4,-0.3
1000_1500m,2017,5,-1.1988831439302021,2017,5,0.4
1500_2000m,2017,5,-0.6301410329265994,2017,5,0.4
2000_2500m,2017,5,0.05803480760327345,2017,5,0.4
500_1000m,2017,5,-1.143954840950691,2017,5,0.4
1000_1500m,2017,10,0.14016568455216669,2017,10,1.5
1500_2000m,2017,10,0.15770852303602673,2017,10,1.5
2000_2500m,2017,10,0.1439270715887417,2017,10,1.5
500_1000m,2017,10,0.7478099280133103,2017,10,1.5
1000_1500m,2017,11,0.6343807971111652,2017,11,1.5
1500_2000m,2017,11,0.7319632927883808,2017,11,1.5
2000_2500m,2017,11,0.6889065142474986,2017,11,1.5
500_1000m,2017,11,0.9007184999332217,2017,11,1.5
1000_1500m,2017,12,-0.037319027049998614,2017,12,-0.2
1500_2000m,2017,12,-0.11488651079436107,2017,12,-0.2
2000_2500m,2017,12,0.058542213020387895,2017,12,-0.2
500_1000m,2017,12,-0.23712253397861224,2017,12,-0.2
1000_1500m,2018,1,-1.0515186941196617,2018,1,1.8
1500_2000m,2018,1,-1.232709533561513,2018,1,1.8
2000_2500m,2018,1,-0.7985994084743506,2018,1,1.8
500_1000m,2018,1,-1.1588170239822233,2018,1,1.8
1000_1500m,2018,2,0.3259244315834348,2018,2,-0.8
1500_2000m,2018,2,-0.14895483384996974,2018,2,-0.8
2000_2500m,2018,2,-0.6093677796840351,2018,2,-0.8
500_1000m,2018,2,-0.08131995614216903,2018,2,-0.8
1000_1500m,2018,3,0.3326859613401186,2018,3,2.4
1500_2000m,2018,3,0.49839908080068246,2018,3,2.4
2000_2500m,2018,3,-0.39778433062280466,2018,3,2.4
500_1000m,2018,3,0.14874974615967493,2018,3,2.4
1000_1500m,2018,4,-0.5304459759052145,2018,4,0.8
1500_2000m,2018,4,-0.22577315046810703,2018,4,0.8
2000_2500m,2018,4,-0.5883514503818373,2018,4,0.8
500_1000m,2018,4,-0.15866788863447398,2018,4,0.8
1000_1500m,2018,5,0.6211755966893764,2018,5,0.6
1500_2000m,2018,5,0.5773268538362261,2018,5,0.6
2000_2500m,2018,5,-0.40728124292288675,2018,5,0.6
500_1000m,2018,5,0.5470637220257826,2018,5,0.6
1000_1500m,2018,10,2.006633654574894,2018,10,0.6
1500_2000m,2018,10,1.9056519104691465,2018,10,0.6
2000_2500m,2018,10,1.8009321823171855,2018,10,0.6
500_1000m,2018,10,1.193872047998655,2018,10,0.6
1000_1500m,2018,11,-0.35632907358855376,2018,11,-0.1
1500_2000m,2018,11,-0.1563589854302861,2018,11,-0.1
2000_2500m,2018,11,0.4353349038821096,2018,11,-0.1
500_1000m,2018,11,-0.19353844819855004,2018,11,-0.1
1000_1500m,2018,12,-0.6082737461018299,2018,12,1.7
1500_2000m,2018,12,-0.786424701977059,2018,12,1.7
2000_2500m,2018,12,-0.3491989768758184,2018,12,1.7
500_1000m,2018,12,-0.8049770136929355,2018,12,1.7
1000_1500m,2019,1,-0.050666819991822626,2019,1,-0.1
1500_2000m,2019,1,0.30225513100204304,2019,1,-0.1
2000_2500m,2019,1,1.1042204419418948,2019,1,-0.1
500_1000m,2019,1,0.053791315687706266,2019,1,-0.1
1000_1500m,2019,2,-0.5770204295313338,2019,2,-2.3
1500_2000m,2019,2,-0.35189249994255206,2019,2,-2.3
2000_2500m,2019,2,0.7263471834122188,2019,2,-2.3
500_1000m,2019,2,0.21552638289754267,2019,2,-2.3
1000_1500m,2019,3,-0.15761947018901967,2019,3,-0.5
1500_2000m,2019,3,-0.21838551190984004,2019,3,-0.5
2000_2500m,2019,3,0.46381279350022864,2019,3,-0.5
500_1000m,2019,3,-0.1430833545408924,2019,3,-0.5
1000_1500m,2019,4,0.6252120201173792,2019,4,0.2
1500_2000m,2019,4,0.014516992922197236,2019,4,0.2
2000_2500m,2019,4,0.1495201643302059,2019,4,0.2
500_1000m,2019,4,0.19355111586188006,2019,4,0.2
1000_1500m,2019,5,-0.5975985270699853,2019,5,-0.7
1500_2000m,2019,5,-0.6090703954788742,2019,5,-0.7
2000_2500m,2019,5,-0.1184014956713303,2019,5,-0.7
500_1000m,2019,5,-1.0301808027930985,2019,5,-0.7
1000_1500m,2019,10,1.3288503102314049,2019,10,-0.6
1500_2000m,2019,10,1.8474839230644644,2019,10,-0.6
2000_2500m,2019,10,1.3682873120303127,2019,10,-0.6
500_1000m,2019,10,1.312251274998809,2019,10,-0.6
1000_1500m,2019,11,0.6944024032008046,2019,11,-1.4
1500_2000m,2019,11,1.302216839101588,2019,11,-1.4
2000_2500m,2019,11,1.5484776840035477,2019,11,-1.4
500_1000m,2019,11,0.2649621556774538,2019,11,-1.4
1000_1500m,2019,12,0.5636917943989778,2019,12,-0.9
1500_2000m,2019,12,0.9214151664496346,2019,12,-0.9
2000_2500m,2019,12,1.48238961475134,2019,12,-0.9
500_1000m,2019,12,0.46025497587897235,2019,12,-0.9
1000_1500m,2020,1,-0.7402480509694485,2020,1,0.3
1500_2000m,2020,1,-0.5115606269668316,2020,1,0.3
2000_2500m,2020,1,0.8784914848433725,2020,1,0.3
500_1000m,2020,1,-0.20483135376523368,2020,1,0.3
1000_1500m,2020,2,0.8359129628066472,2020,2,-0.1
1500_2000m,2020,2,0.1787120744447923,2020,2,-0.1
2000_2500m,2020,2,0.7965890637149684,2020,2,-0.1
500_1000m,2020,2,-0.14599189632431,2020,2,-0.1
1000_1500m,2020,3,-0.772496900382101,2020,3,-0.2
1500_2000m,2020,3,-0.8479952572946641,2020,3,-0.2
2000_2500m,2020,3,0.12181543103824909,2020,3,-0.2
500_1000m,2020,3,-1.317074084963002,2020,3,-0.2
1000_1500m,2020,4,-0.590043349305104,2020,4,0.3
1500_2000m,2020,4,-0.6635819585547901,2020,4,0.3
2000_2500m,2020,4,0.11901323945092987,2020,4,0.3
500_1000m,2020,4,-0.9011379703133342,2020,4,0.3
1000_1500m,2020,5,0.16143526104640002,2020,5,0.7
1500_2000m,2020,5,-0.1255617874293589,2020,5,0.7
2000_2500m,2020,5,0.11143967146977576,2020,5,0.7
500_1000m,2020,5,0.45754956839840355,2020,5,0.7
1000_1500m,2020,10,1.5986174436012732,2020,10,0.8
1500_2000m,2020,10,1.4824881178206073,2020,10,0.8
2000_2500m,2020,10,0.9724222746880167,2020,10,0.8
500_1000m,2020,10,0.8405737607985061,2020,10,0.8
1000_1500m,2020,11,0.280233846261221,2020,11,1.1
1500_2000m,2020,11,0.017024687698394908,2020,11,1.1
2000_2500m,2020,11,0.984554181380468,2020,11,1.1
500_1000m,2020,11,0.7047175926670611,2020,11,1.1
1000_1500m,2020,12,0.11346963113791794,2020,12,3.0
1500_2000m,2020,12,-0.2851354514151749,2020,12,3.0
2000_2500m,2020,12,0.7218630189143184,2020,12,3.0
500_1000m,2020,12,0.20239271189368974,2020,12,3.0
1000_1500m,2021,1,0.31089211681177853,2021,1,3.2
1500_2000m,2021,1,0.8021636694307356,2021,1,3.2
2000_2500m,2021,1,1.2122543183006882,2021,1,3.2
500_1000m,2021,1,-1.417574856484894,2021,1,3.2
1000_1500m,2021,2,-0.1723718672439212,2021,2,2.5
1500_2000m,2021,2,0.019703133317704423,2021,2,2.5
2000_2500m,2021,2,1.2096759395257535,2021,2,2.5
500_1000m,2021,2,-0.8774879121002509,2021,2,2.5
1000_1500m,2021,3,-0.24120447748626256,2021,3,0.6
1500_2000m,2021,3,-0.10480961321924362,2021,3,0.6
2000_2500m,2021,3,0.9457618279055255,2021,3,0.6
500_1000m,2021,3,-0.1838847065521972,2021,3,0.6
1000_1500m,2021,4,-0.20267024314926793,2021,4,0.6
1500_2000m,2021,4,-0.5737394561228508,2021,4,0.6
2000_2500m,2021,4,0.2626574252558743,2021,4,0.6
500_1000m,2021,4,-0.5439809829740944,2021,4,0.6
1000_1500m,2021,5,-0.14914399313900448,2021,5,0.8
1500_2000m,2021,5,-0.289320485998937,2021,5,0.8
2000_2500m,2021,5,0.4441836598056437,2021,5,0.8
500_1000m,2021,5,0.19361484271115248,2021,5,0.8
1000_1500m,2021,10,-0.4113328018102537,2021,10,1.2
1500_2000m,2021,10,-0.28168882910454895,2021,10,1.2
2000_2500m,2021,10,-0.4809389560555908,2021,10,1.2
500_1000m,2021,10,-0.8217147557934481,2021,10,1.2
1000_1500m,2021,11,-1.0809159426690127,2021,11,1.6
1500_2000m,2021,11,-0.5836395333902973,2021,11,1.6
2000_2500m,2021,11,-0.02460206206066094,2021,11,1.6
500_1000m,2021,11,-1.9427408647197808,2021,11,1.6
1000_1500m,2021,12,0.3141495845925044,2021,12,2.5
1500_2000m,2021,12,0.023849353574367363,2021,12,2.5
2000_2500m,2021,12,0.5662886880495197,2021,12,2.5
500_1000m,2021,12,-0.8495318491604779,2021,12,2.5
1000_1500m,2022,1,-0.003856665564681716,2022,1,0.8
1500_2000m,2022,1,0.7139310111750062,2022,1,0.8
2000_2500m,2022,1,0.5657290631517239,2022,1,0.8
500_1000m,2022,1,-0.6724591266401171,2022,1,0.8
1000_1500m,2022,2,0.45949874689207376,2022,2,1.8
1500_2000m,2022,2,1.0017172707106115,2022,2,1.8
2000_2500m,2022,2,0.9597129091077632,2022,2,1.8
500_1000m,2022,2,-0.8121526065344763,2022,2,1.8
1000_1500m,2022,3,1.4013466888146802,2022,3,2.9
1500_2000m,2022,3,1.263133381977088,2022,3,2.9
2000_2500m,2022,3,0.9804644584584572,2022,3,2.9
500_1000m,2022,3,-0.1675810205126127,2022,3,2.9
1000_1500m,2022,4,-0.14591133149061675,2022,4,2.8
1500_2000m,2022,4,0.7495899075875915,2022,4,2.8
2000_2500m,2022,4,0.5893367808427341,2022,4,2.8
500_1000m,2022,4,-0.2762486455991323,2022,4,2.8
1000_1500m,2022,5,-1.6528781418405412,2022,5,2.4
1500_2000m,2022,5,-1.411538246207884,2022,5,2.4
2000_2500m,2022,5,-0.8498129982673329,2022,5,2.4
500_1000m,2022,5,-1.2039537936241826,2022,5,2.4
1000_1500m,2022,10,0.4865481642907362,2022,10,2.8
1500_2000m,2022,10,0.46610226504739105,2022,10,2.8
2000_2500m,2022,10,-0.5827474960490906,2022,10,2.8
500_1000m,2022,10,-0.22235471828715328,2022,10,2.8
1000_1500m,2022,11,1.4693489596535227,2022,11,0.5
1500_2000m,2022,11,1.4891097099369137,2022,11,0.5
2000_2500m,2022,11,0.9591361777289407,2022,11,0.5
500_1000m,2022,11,1.3248758743879019,2022,11,0.5
1000_1500m,2022,12,0.38757713011352546,2022,12,3.5
1500_2000m,2022,12,0.9938670713334261,2022,12,3.5
2000_2500m,2022,12,0.5851157223077307,2022,12,3.5
500_1000m,2022,12,0.29206124895000946,2022,12,3.5
1000_1500m,2023,1,0.25355700720227975,2023,1,2.3
1500_2000m,2023,1,0.8505936272463598,2023,1,2.3
2000_2500m,2023,1,0.17845765876016975,2023,1,2.3
500_1000m,2023,1,-0.3831664785965399,2023,1,2.3
1000_1500m,2023,2,0.13611727165683402,2023,2,2.3
1500_2000m,2023,2,1.263186495430201,2023,2,2.3
2000_2500m,2023,2,0.7222239421085056,2023,2,2.3
500_1000m,2023,2,-0.38171223146183386,2023,2,2.3
1000_1500m,2023,3,0.7167672070182394,2023,3,0.3
1500_2000m,2023,3,1.4267816262849418,2023,3,0.3
2000_2500m,2023,3,0.9064672674007137,2023,3,0.3
500_1000m,2023,3,0.21714650264668642,2023,3,0.3
1000_1500m,2023,4,0.4689169749027446,2023,4,0.4
1500_2000m,2023,4,1.166268308173992,2023,4,0.4
2000_2500m,2023,4,0.7154473457536029,2023,4,0.4
500_1000m,2023,4,0.25666900979581525,2023,4,0.4
1000_1500m,2023,5,0.6938555509767733,2023,5,-1.7
1500_2000m,2023,5,1.2303716993692098,2023,5,-1.7
2000_2500m,2023,5,0.5357080310850647,2023,5,-1.7
500_1000m,2023,5,0.5252460915436272,2023,5,-1.7
1000_1500m,2023,10,0.9839378887318014,2023,10,-0.8
1500_2000m,2023,10,0.6858458699307809,2023,10,-0.8
2000_2500m,2023,10,-0.3168358914118277,2023,10,-0.8
500_1000m,2023,10,1.0454542469387504,2023,10,-0.8
1000_1500m,2023,11,-0.7806774033964935,2023,11,-1.3
1500_2000m,2023,11,-0.3743354575059891,2023,11,-1.3
2000_2500m,2023,11,-0.7057978421754574,2023,11,-1.3
500_1000m,2023,11,-1.0056473220723394,2023,11,-1.3
1000_1500m,2023,12,-0.46393018205483105,2023,12,-0.4
1500_2000m,2023,12,-0.024031122239512814,2023,12,-0.4
2000_2500m,2023,12,-0.31504574484183867,2023,12,-0.4
500_1000m,2023,12,-1.212188708026836,2023,12,-0.4
1000_1500m,2024,10,-0.765606021194808,2024,10,0.8
1500_2000m,2024,10,-0.8915313824083735,2024,10,0.8
2000_2500m,2024,10,-0.9530614599355294,2024,10,0.8
500_1000m,2024,10,-0.46079471213389783,2024,10,0.8
1000_1500m,2024,11,0.9342100452205712,2024,11,0.8
1500_2000m,2024,11,0.370654996718882,2024,11,0.8
2000_2500m,2024,11,-0.36041039882953485,2024,11,0.8
500_1000m,2024,11,-0.015275533216040946,2024,11,0.8
1000_1500m,2024,12,0.646448895910672,2024,12,1.9
1500_2000m,2024,12,0.3378594815477175,2024,12,1.9
2000_2500m,2024,12,-0.4702869397924271,2024,12,1.9
500_1000m,2024,12,0.23734660711492847,2024,12,1.9
