Elevation_Category,Seasonal_Year,month,SWEI,ENSO,Year,Month
1000_1500m,1980,1,-1.5734559565498831,-0.36,1981,1
1000_1500m,1980,2,-0.7546614539096167,-0.64,1981,2
1000_1500m,1980,3,-1.294272227633028,-0.64,1981,3
1000_1500m,1980,4,-0.9795826745681132,-0.53,1981,4
1000_1500m,1980,5,1.227319286555461,-0.57,1981,5
1000_1500m,1980,10,-0.1361004608507751,-0.26,1980,10
1000_1500m,1980,11,-0.3547206153717256,-0.1,1980,11
1000_1500m,1980,12,0.8109420269533812,0.05,1980,12
1000_1500m,1981,1,0.36433880819116066,0.13,1982,1
1000_1500m,1981,2,1.0569432580022222,-0.17,1982,2
1000_1500m,1981,3,0.299695855805267,0.13,1982,3
1000_1500m,1981,4,0.9991082685137589,0.21,1982,4
1000_1500m,1981,5,0.5727332107790991,0.45,1982,5
1000_1500m,1981,10,-0.18772109185448796,-0.3,1981,10
1000_1500m,1981,11,-0.6279396312759296,-0.41,1981,11
1000_1500m,1981,12,-0.8166069855200525,-0.2,1981,12
1000_1500m,1982,1,-0.5389763663436659,2.35,1983,1
1000_1500m,1982,2,-0.905736565016735,1.94,1983,2
1000_1500m,1982,3,0.004862241375901676,1.38,1983,3
1000_1500m,1982,4,0.0747716093175448,0.95,1983,4
1000_1500m,1982,5,-0.19360923768050534,0.9,1983,5
1000_1500m,1982,10,-0.24597552259018526,1.99,1982,10
1000_1500m,1982,11,0.06845815879883843,1.92,1982,11
1000_1500m,1982,12,-0.41507402831290435,2.2,1982,12
1000_1500m,1983,1,-0.10740516270077023,-0.67,1984,1
1000_1500m,1983,2,-1.4230234400084245,-0.19,1984,2
1000_1500m,1983,3,-0.33028337826112814,-0.52,1984,3
1000_1500m,1983,4,-0.8857307232301506,-0.68,1984,4
1000_1500m,1983,5,0.11382080911414462,-0.73,1984,5
1000_1500m,1983,10,-1.4691510942212607,-1.16,1983,10
1000_1500m,1983,11,-0.18226986158345376,-1.29,1983,11
1000_1500m,1983,12,0.766070234748814,-1.03,1983,12
1000_1500m,1984,1,-0.426273047068081,-1.16,1985,1
1000_1500m,1984,2,-0.23016790151834307,-0.72,1985,2
1000_1500m,1984,3,-0.36666140333830805,-0.79,1985,3
1000_1500m,1984,4,0.6649142541560836,-1.18,1985,4
1000_1500m,1984,5,-0.8500454360455858,-1.03,1985,5
1000_1500m,1984,10,1.3340421148876105,-0.67,1984,10
1000_1500m,1984,11,0.6085097639086836,-1.19,1984,11
1000_1500m,1984,12,-0.4859922192187695,-1.34,1984,12
1000_1500m,1985,1,-0.532247565396308,-0.66,1986,1
1000_1500m,1985,2,0.41600854390677594,-0.71,1986,2
1000_1500m,1985,3,0.5913508966394916,-0.42,1986,3
1000_1500m,1985,4,-0.051959783054785214,-0.33,1986,4
1000_1500m,1985,5,0.9953034962213749,-0.53,1986,5
1000_1500m,1985,10,0.536799911336406,-0.49,1985,10
1000_1500m,1985,11,0.6563849954196471,-0.37,1985,11
1000_1500m,1985,12,0.17731492483482897,-0.41,1985,12
1000_1500m,1986,1,-0.4248567268399407,1.14,1987,1
1000_1500m,1986,2,-0.5337440762638341,1.13,1987,2
1000_1500m,1986,3,0.36409808124941845,0.98,1987,3
1000_1500m,1986,4,-0.5537438947571087,0.58,1987,4
1000_1500m,1986,5,-0.495512260972747,0.62,1987,5
1000_1500m,1986,10,-0.5522956940340509,0.81,1986,10
1000_1500m,1986,11,0.5305740869041594,1.01,1986,11
1000_1500m,1986,12,-0.2779093455109216,1.12,1986,12
1000_1500m,1987,1,-0.565177075554457,0.9,1988,1
1000_1500m,1987,2,-0.5046061067707446,0.28,1988,2
1000_1500m,1987,3,-0.02493937052749757,0.1,1988,3
1000_1500m,1987,4,-0.8409758050404528,-0.44,1988,4
1000_1500m,1987,5,-0.9612632820319588,-1.25,1988,5
1000_1500m,1987,10,-0.3867622459576899,1.24,1987,10
1000_1500m,1987,11,-0.6463156968901664,1.07,1987,11
1000_1500m,1987,12,-0.595444339849413,0.94,1987,12
1000_1500m,1988,1,1.3185082462470636,-1.97,1989,1
1000_1500m,1988,2,0.7641067199719299,-1.47,1989,2
1000_1500m,1988,3,1.1787805614997047,-1.21,1989,3
1000_1500m,1988,4,0.502652810316153,-1.08,1989,4
1000_1500m,1988,5,0.13872806841025878,-0.88,1989,5
1000_1500m,1988,10,0.11529190151897392,-1.9,1988,10
1000_1500m,1988,11,-0.3148845582429191,-2.05,1988,11
1000_1500m,1988,12,0.022009042753303912,-1.96,1988,12
1000_1500m,1989,1,0.12260919323933495,0.01,1990,1
1000_1500m,1989,2,0.34914776121247626,0.21,1990,2
1000_1500m,1989,3,0.09440192774477071,0.04,1990,3
1000_1500m,1989,4,0.7187865967446386,0.08,1990,4
1000_1500m,1989,5,0.7210193378078392,0.08,1990,5
1000_1500m,1989,10,-0.6087325223936084,-0.4,1989,10
1000_1500m,1989,11,0.4409242824523057,-0.45,1989,11
1000_1500m,1989,12,0.05549093837022529,-0.13,1989,12
1000_1500m,1990,1,0.32677971468588374,0.49,1991,1
1000_1500m,1990,2,-1.0589972882217782,0.32,1991,2
1000_1500m,1990,3,0.2737460972136176,0.03,1991,3
1000_1500m,1990,4,0.17905054002571646,0.19,1991,4
1000_1500m,1990,5,-0.4397197594478095,0.26,1991,5
1000_1500m,1990,10,0.39061636132370603,0.21,1990,10
1000_1500m,1990,11,1.122071216689684,0.1,1990,11
1000_1500m,1990,12,1.0025314245331747,0.35,1990,12
1000_1500m,1991,1,-1.3819573242843688,1.84,1992,1
1000_1500m,1991,2,-0.6385032410673311,1.78,1992,2
1000_1500m,1991,3,-1.1126599337837833,1.38,1992,3
1000_1500m,1991,4,-0.10932204984461916,1.2,1992,4
1000_1500m,1991,5,0.2841913116694015,1.04,1992,5
1000_1500m,1991,10,1.3781852025795303,0.86,1991,10
1000_1500m,1991,11,0.6308030366522164,1.2,1991,11
1000_1500m,1991,12,-1.4643115932982245,1.69,1991,12
1000_1500m,1992,1,0.5899677915610886,0.14,1993,1
1000_1500m,1992,2,0.15394624400875212,0.41,1993,2
1000_1500m,1992,3,-0.13523794281343252,0.39,1993,3
1000_1500m,1992,4,-0.6383410384238667,0.59,1993,4
1000_1500m,1992,5,-1.4662290269482872,0.78,1993,5
1000_1500m,1992,10,0.7265702874123684,-0.3,1992,10
1000_1500m,1992,11,0.7033673998319425,-0.28,1992,11
1000_1500m,1992,12,-0.14849770474158414,-0.15,1992,12
1000_1500m,1993,1,0.11797469571755184,0.1,1994,1
1000_1500m,1993,2,0.5716880392080308,0.06,1994,2
1000_1500m,1993,3,-1.0945598180603235,0.11,1994,3
1000_1500m,1993,4,-0.5576194922003573,0.26,1994,4
1000_1500m,1993,5,-0.9235645061334268,0.31,1994,5
1000_1500m,1993,10,-0.4297085350054776,0.06,1993,10
1000_1500m,1993,11,-0.07253304450823077,0.0,1993,11
1000_1500m,1993,12,-1.1695893306816223,0.16,1993,12
1000_1500m,1994,1,-0.7125361011570743,1.02,1995,1
1000_1500m,1994,2,-1.2589391880666063,0.73,1995,2
1000_1500m,1994,3,-0.8690476023343279,0.46,1995,3
1000_1500m,1994,4,-0.16477718851580683,0.28,1995,4
1000_1500m,1994,5,0.5448246617356104,-0.11,1995,5
1000_1500m,1994,10,0.26766581182962906,0.75,1994,10
1000_1500m,1994,11,0.007309946338017141,1.11,1994,11
1000_1500m,1994,12,-0.6662914167924411,1.25,1994,12
1000_1500m,1995,1,0.62332654351089,-0.86,1996,1
1000_1500m,1995,2,-0.1754008248272072,-0.86,1996,2
1000_1500m,1995,3,-0.1299321332985783,-0.61,1996,3
1000_1500m,1995,4,0.7286605167198615,-0.47,1996,4
1000_1500m,1995,5,1.5597364710644752,-0.38,1996,5
1000_1500m,1995,10,-0.7651698700875362,-0.88,1995,10
1000_1500m,1995,11,0.4209586008139978,-1.1,1995,11
1000_1500m,1995,12,1.1698868646677871,-0.95,1995,12
1000_1500m,1996,1,2.2212151469535963,-0.53,1997,1
1000_1500m,1996,2,1.331683209943282,-0.37,1997,2
1000_1500m,1996,3,1.3752796274639036,-0.25,1997,3
1000_1500m,1996,4,-1.330052551577714,0.16,1997,4
1000_1500m,1996,5,1.0064799057471214,0.64,1997,5
1000_1500m,1996,10,-0.10783057388121033,-0.44,1996,10
1000_1500m,1996,11,1.610672628933987,-0.41,1996,11
1000_1500m,1996,12,1.9676069716719193,-0.64,1996,12
1000_1500m,1997,1,0.6860230513959683,2.38,1998,1
1000_1500m,1997,2,-1.1720766576810493,2.03,1998,2
1000_1500m,1997,3,1.3137890765192766,1.34,1998,3
1000_1500m,1997,4,-0.08059386372772238,0.78,1998,4
1000_1500m,1997,5,-1.8256914487745775,0.57,1998,5
1000_1500m,1997,10,-0.5776186300021107,2.36,1997,10
1000_1500m,1997,11,-2.170538805950763,2.41,1997,11
1000_1500m,1997,12,-1.7077977164588896,2.29,1997,12
1000_1500m,1998,1,0.2409164338091343,-1.69,1999,1
1000_1500m,1998,2,-1.9368293388757993,-1.32,1999,2
1000_1500m,1998,3,-0.9117906567653616,-0.95,1999,3
1000_1500m,1998,4,-0.23001163812200345,-1.11,1999,4
1000_1500m,1998,5,0.30678672751879255,-1.15,1999,5
1000_1500m,1998,10,-1.218922388290468,-1.46,1998,10
1000_1500m,1998,11,-0.8836242906491468,-1.46,1998,11
1000_1500m,1998,12,-1.0208598532342876,-1.69,1998,12
1000_1500m,1999,1,-0.38010987034005156,-1.77,2000,1
1000_1500m,1999,2,1.3782317657976566,-1.55,2000,2
1000_1500m,1999,3,0.9481579746467125,-0.98,2000,3
1000_1500m,1999,4,0.36929233893134206,-0.87,2000,4
1000_1500m,1999,5,-0.26889513909688545,-0.86,2000,5
1000_1500m,1999,10,0.6155300859953098,-1.23,1999,10
1000_1500m,1999,11,-1.3901505113450037,-1.58,1999,11
1000_1500m,1999,12,-2.206942053209859,-1.74,1999,12
1000_1500m,2000,1,-0.9069673234465989,-0.73,2001,1
1000_1500m,2000,2,0.020562145102518865,-0.63,2001,2
1000_1500m,2000,3,-0.862670467295172,-0.48,2001,3
1000_1500m,2000,4,1.0976332440365122,-0.49,2001,4
1000_1500m,2000,5,-1.375385837120866,-0.34,2001,5
1000_1500m,2000,10,-0.6072664324100766,-0.7,2000,10
1000_1500m,2000,11,-0.4326419137994743,-0.79,2000,11
1000_1500m,2000,12,-0.0218895976882653,-0.92,2000,12
1000_1500m,2001,1,-0.1891757955057688,-0.15,2002,1
1000_1500m,2001,2,0.011443701882394372,-0.04,2002,2
1000_1500m,2001,3,1.5662649982914176,0.01,2002,3
1000_1500m,2001,4,1.3488618107093786,0.02,2002,4
1000_1500m,2001,5,2.1498496782349297,0.31,2002,5
1000_1500m,2001,10,0.15925245770876587,-0.14,2001,10
1000_1500m,2001,11,0.11639452140735974,-0.37,2001,11
1000_1500m,2001,12,1.0935063689445879,-0.41,2001,12
1000_1500m,2002,1,-0.8817245951075032,0.6,2003,1
1000_1500m,2002,2,1.0624795791893573,0.64,2003,2
1000_1500m,2002,3,0.8575287291251535,0.36,2003,3
1000_1500m,2002,4,0.8818706092660776,-0.14,2003,4
1000_1500m,2002,5,1.7274187239118637,-0.61,2003,5
1000_1500m,2002,10,0.7179806574481529,1.25,2002,10
1000_1500m,2002,11,-0.35344891668617245,1.47,2002,11
1000_1500m,2002,12,-1.4403166500332616,1.37,2002,12
1000_1500m,2003,1,0.3455075094552524,0.27,2004,1
1000_1500m,2003,2,0.8840759365721899,0.23,2004,2
1000_1500m,2003,3,-0.5287896589894203,0.12,2004,3
1000_1500m,2003,4,-0.44820813198915643,0.07,2004,4
1000_1500m,2003,5,1.0943097713711716,0.06,2004,5
1000_1500m,2003,10,0.46998678899879776,0.42,2003,10
1000_1500m,2003,11,1.9296149437761734,0.33,2003,11
1000_1500m,2003,12,-0.06553348738307428,0.43,2003,12
1000_1500m,2004,1,0.3151715078957882,0.66,2005,1
1000_1500m,2004,2,-0.4910277303570772,0.36,2005,2
1000_1500m,2004,3,-0.6121840752184935,0.45,2005,3
1000_1500m,2004,4,-1.3759163331867976,0.26,2005,4
1000_1500m,2004,5,-0.2417918507009027,0.3,2005,5
1000_1500m,2004,10,0.6928264031014535,0.73,2004,10
1000_1500m,2004,11,-1.3820441781599024,0.66,2004,11
1000_1500m,2004,12,-0.5090335941297124,0.74,2004,12
1000_1500m,2005,1,-2.1926689594661255,-0.91,2006,1
1000_1500m,2005,2,-0.7358013280331449,-0.67,2006,2
1000_1500m,2005,3,0.47089161173819943,-0.71,2006,3
1000_1500m,2005,4,-1.9614174079673434,-0.32,2006,4
1000_1500m,2005,5,-0.8329046055601185,-0.09,2006,5
1000_1500m,2005,10,-1.4081117527117335,-0.06,2005,10
1000_1500m,2005,11,-0.8095440404290462,-0.59,2005,11
1000_1500m,2005,12,-0.6505441106089899,-0.92,2005,12
1000_1500m,2006,1,-1.2715230927443857,0.7,2007,1
1000_1500m,2006,2,0.6589908788729085,0.13,2007,2
1000_1500m,2006,3,-0.23955755293759504,-0.18,2007,3
1000_1500m,2006,4,0.4134178869009983,-0.32,2007,4
1000_1500m,2006,5,0.525704096093727,-0.47,2007,5
1000_1500m,2006,10,0.23278621946744973,0.7,2006,10
1000_1500m,2006,11,0.5990703595022018,0.99,2006,11
1000_1500m,2006,12,-0.6665324710068713,1.14,2006,12
1000_1500m,2007,1,-0.09301646192506681,-1.68,2008,1
1000_1500m,2007,2,0.23905176981282308,-1.67,2008,2
1000_1500m,2007,3,-1.4408388033285024,-1.21,2008,3
1000_1500m,2007,4,0.8340042207502217,-0.99,2008,4
1000_1500m,2007,5,0.5214956137035959,-0.84,2008,5
1000_1500m,2007,10,-0.99792551069045,-1.39,2007,10
1000_1500m,2007,11,-1.058573681392366,-1.54,2007,11
1000_1500m,2007,12,-0.1641561914456518,-1.58,2007,12
1000_1500m,2008,1,1.4975723205965756,-0.89,2009,1
1000_1500m,2008,2,0.1386955068514335,-0.79,2009,2
1000_1500m,2008,3,0.8970416913938397,-0.69,2009,3
1000_1500m,2008,4,0.6571379253829596,-0.35,2009,4
1000_1500m,2008,5,0.13011947801876556,0.06,2009,5
1000_1500m,2008,10,-1.8629467775607365,-0.35,2008,10
1000_1500m,2008,11,-0.46169247146540726,-0.46,2008,11
1000_1500m,2008,12,1.6657395933490022,-0.86,2008,12
1000_1500m,2009,1,0.5564193706596493,1.52,2010,1
1000_1500m,2009,2,0.9764337572018197,1.25,2010,2
1000_1500m,2009,3,-1.6827622815770111,0.9,2010,3
1000_1500m,2009,4,-0.48219778529710394,0.38,2010,4
1000_1500m,2009,5,0.8505512070494556,-0.22,2010,5
1000_1500m,2009,10,0.9453537112070592,0.89,2009,10
1000_1500m,2009,11,-1.668539821979928,1.46,2009,11
1000_1500m,2009,12,0.9230759625628805,1.74,2009,12
1000_1500m,2010,1,1.502319678148022,-1.54,2011,1
1000_1500m,2010,2,1.2501980939593413,-1.11,2011,2
1000_1500m,2010,3,0.7863830457122362,-0.93,2011,3
1000_1500m,2010,4,1.9468390647662017,-0.77,2011,4
1000_1500m,2010,5,-0.6515250551483941,-0.52,2011,5
1000_1500m,2010,10,-0.8741750355698705,-1.69,2010,10
1000_1500m,2010,11,1.184106829650707,-1.64,2010,11
1000_1500m,2010,12,1.2812818404401702,-1.6,2010,12
1000_1500m,2011,1,-0.7779028686180504,-0.87,2012,1
1000_1500m,2011,2,-0.46824405207857434,-0.67,2012,2
1000_1500m,2011,3,-0.04532642067089377,-0.61,2012,3
1000_1500m,2011,4,-0.4372848788025589,-0.5,2012,4
1000_1500m,2011,5,-0.3382899783788763,-0.32,2012,5
1000_1500m,2011,10,-2.093985641144105,-1.05,2011,10
1000_1500m,2011,11,-0.7074941429999466,-1.19,2011,11
1000_1500m,2011,12,0.23941998981480028,-1.06,2011,12
1000_1500m,2012,1,1.0341760023305753,-0.53,2013,1
1000_1500m,2012,2,0.046548630803438545,-0.52,2013,2
1000_1500m,2012,3,0.5597475087642607,-0.25,2013,3
1000_1500m,2012,4,0.7734076555721573,-0.25,2013,4
1000_1500m,2012,5,-0.28702297510412933,-0.4,2013,5
1000_1500m,2012,10,1.4672215410020997,0.26,2012,10
1000_1500m,2012,11,0.979809754376753,0.16,2012,11
1000_1500m,2012,12,0.7060303418523625,-0.25,2012,12
1000_1500m,2013,1,0.7053184892577226,-0.49,2014,1
1000_1500m,2013,2,0.4978621957822095,-0.62,2014,2
1000_1500m,2013,3,0.49811195125428065,-0.28,2014,3
1000_1500m,2013,4,0.7653624547952748,0.08,2014,4
1000_1500m,2013,5,1.210165704024976,0.32,2014,5
1000_1500m,2013,10,-0.07482874580351681,-0.2,2013,10
1000_1500m,2013,11,0.7835891119175928,-0.14,2013,11
1000_1500m,2013,12,1.5623160060145247,-0.17,2013,12
1000_1500m,2014,1,-0.06374869742576834,0.51,2015,1
1000_1500m,2014,2,-0.8207050695001226,0.42,2015,2
1000_1500m,2014,3,-1.3231991891483805,0.47,2015,3
1000_1500m,2014,4,-1.1048125742089117,0.7,2015,4
1000_1500m,2014,5,-0.4163933278285058,0.92,2015,5
1000_1500m,2014,10,-0.9543536490504952,0.44,2014,10
1000_1500m,2014,11,1.5480898941479986,0.75,2014,11
1000_1500m,2014,12,0.37412854028691284,0.71,2014,12
1000_1500m,2015,1,0.6240695864985738,2.57,2016,1
1000_1500m,2015,2,-1.517783497341679,2.26,2016,2
1000_1500m,2015,3,-1.9051219625163425,1.62,2016,3
1000_1500m,2015,4,-2.002795663399018,0.91,2016,4
1000_1500m,2015,5,-0.4363601275893461,0.3,2016,5
1000_1500m,2015,10,-1.0800613617411725,2.36,2015,10
1000_1500m,2015,11,-0.04585191895908461,2.72,2015,11
1000_1500m,2015,12,-0.10088652786854681,2.66,2015,12
1000_1500m,2016,1,0.7427164590757435,-0.43,2017,1
1000_1500m,2016,2,0.33744042358292775,-0.08,2017,2
1000_1500m,2016,3,-0.011803297912875902,0.03,2017,3
1000_1500m,2016,4,0.054562042211939575,0.22,2017,4
1000_1500m,2016,5,-1.0886766049614256,0.37,2017,5
1000_1500m,2016,10,0.5878861986813609,-0.74,2016,10
1000_1500m,2016,11,-1.4190719068367943,-0.76,2016,11
1000_1500m,2016,12,0.34139798610234856,-0.5,2016,12
1000_1500m,2017,1,0.3817917617186153,-0.98,2018,1
1000_1500m,2017,2,1.5426370971296577,-0.78,2018,2
1000_1500m,2017,3,1.4892206518823412,-0.8,2018,3
1000_1500m,2017,4,1.594569439696021,-0.51,2018,4
1000_1500m,2017,5,-1.251143552182925,-0.2,2018,5
1000_1500m,2017,10,0.11459330462903351,-0.56,2017,10
1000_1500m,2017,11,0.6824352885604672,-0.97,2017,11
1000_1500m,2017,12,-0.008982688908433829,-0.98,2017,12
1000_1500m,2018,1,-1.0369513032732416,0.65,2019,1
1000_1500m,2018,2,0.31035148886029823,0.71,2019,2
1000_1500m,2018,3,0.3507678521400468,0.81,2019,3
1000_1500m,2018,4,-0.5215025349650454,0.62,2019,4
1000_1500m,2018,5,0.6026612627598058,0.55,2019,5
1000_1500m,2018,10,1.9970912697461616,0.9,2018,10
1000_1500m,2018,11,-0.33403467882186777,0.9,2018,11
1000_1500m,2018,12,-0.5886655432520147,0.89,2018,12
1000_1500m,2019,1,-0.060979848557386515,0.6,2020,1
1000_1500m,2019,2,-0.5671435303585769,0.37,2020,2
1000_1500m,2019,3,-0.1313935096150624,0.48,2020,3
1000_1500m,2019,4,0.619533733144481,0.36,2020,4
1000_1500m,2019,5,-0.6484560356523958,-0.27,2020,5
1000_1500m,2019,10,1.3159403532890281,0.48,2019,10
1000_1500m,2019,11,0.7277913866495218,0.52,2019,11
1000_1500m,2019,12,0.5833070475560337,0.52,2019,12
1000_1500m,2020,1,-0.7284987567058799,-1.0,2021,1
1000_1500m,2020,2,0.8189562279914714,-1.0,2021,2
1000_1500m,2020,3,-0.7553734994013986,-0.8,2021,3
1000_1500m,2020,4,-0.580172601222125,-0.72,2021,4
1000_1500m,2020,5,0.13612066562233188,-0.46,2021,5
1000_1500m,2020,10,1.5872568747460776,-1.26,2020,10
1000_1500m,2020,11,0.32041654738729913,-1.42,2020,11
1000_1500m,2020,12,0.14209127465317284,-1.15,2020,12
1000_1500m,2021,1,0.301936003375898,-0.94,2022,1
1000_1500m,2021,2,-0.18098396632591626,-0.89,2022,2
1000_1500m,2021,3,-0.21877464421786155,-0.97,2022,3
1000_1500m,2021,4,-0.20211268306017746,-1.11,2022,4
1000_1500m,2021,5,-0.18204533638923293,-1.11,2022,5
1000_1500m,2021,10,-0.44848857639571554,-0.94,2021,10
1000_1500m,2021,11,-1.0665831683948317,-0.94,2021,11
1000_1500m,2021,12,0.33381227134684,-1.06,2021,12
1000_1500m,2022,1,-0.01029765942730542,-0.72,2023,1
1000_1500m,2022,2,0.4403470138007438,-0.46,2023,2
1000_1500m,2022,3,1.3886779241648692,-0.11,2023,3
1000_1500m,2022,4,-0.1482636381892112,0.14,2023,4
1000_1500m,2022,5,-1.6567000543144075,0.46,2023,5
1000_1500m,2022,10,0.4663599491394534,-0.99,2022,10
1000_1500m,2022,11,1.4748114524243439,-0.9,2022,11
1000_1500m,2022,12,0.41581971185548317,-0.85,2022,12
1000_1500m,2023,1,0.23779224411360506,1.81,2024,1
1000_1500m,2023,2,0.11654526677591305,1.52,2024,2
1000_1500m,2023,3,0.718381525020081,1.13,2024,3
1000_1500m,2023,4,0.4629579133928386,0.77,2024,4
1000_1500m,2023,5,0.6760482217818583,0.23,2024,5
1000_1500m,2023,10,0.9688947061983169,1.72,2023,10
1000_1500m,2023,11,-0.7636663508017254,2.02,2023,11
1000_1500m,2023,12,-0.44205963864057674,2.03,2023,12
1500_2000m,1980,1,-1.5782745118638093,-0.36,1981,1
1500_2000m,1980,2,-0.5895334867655482,-0.64,1981,2
1500_2000m,1980,3,-1.2728509807182775,-0.64,1981,3
1500_2000m,1980,4,-0.714591386468759,-0.53,1981,4
1500_2000m,1980,5,1.207782550587695,-0.57,1981,5
1500_2000m,1980,10,-0.04519391336147953,-0.26,1980,10
1500_2000m,1980,11,-0.3633401664486325,-0.1,1980,11
1500_2000m,1980,12,0.6373403772617375,0.05,1980,12
1500_2000m,1981,1,-0.1976018980327457,0.13,1982,1
1500_2000m,1981,2,0.0373503461942479,-0.17,1982,2
1500_2000m,1981,3,0.09752332530834844,0.13,1982,3
1500_2000m,1981,4,0.8617376738083823,0.21,1982,4
1500_2000m,1981,5,0.4513558722309421,0.45,1982,5
1500_2000m,1981,10,0.038290229056704275,-0.3,1981,10
1500_2000m,1981,11,-0.6138088794264452,-0.41,1981,11
1500_2000m,1981,12,-0.6365884418017275,-0.2,1981,12
1500_2000m,1982,1,-0.02814509746468458,2.35,1983,1
1500_2000m,1982,2,-0.2528951723923109,1.94,1983,2
1500_2000m,1982,3,0.17791623266667894,1.38,1983,3
1500_2000m,1982,4,0.48574069724152075,0.95,1983,4
1500_2000m,1982,5,-0.21799810698302288,0.9,1983,5
1500_2000m,1982,10,-0.22459314899326216,1.99,1982,10
1500_2000m,1982,11,0.0734687865070788,1.92,1982,11
1500_2000m,1982,12,0.04113409742276485,2.2,1982,12
1500_2000m,1983,1,-0.31962828447590236,-0.67,1984,1
1500_2000m,1983,2,-1.2559861870179208,-0.19,1984,2
1500_2000m,1983,3,-0.008380323392599441,-0.52,1984,3
1500_2000m,1983,4,-0.1932994295401122,-0.68,1984,4
1500_2000m,1983,5,0.24449802741600662,-0.73,1984,5
1500_2000m,1983,10,-0.9618083294361205,-1.16,1983,10
1500_2000m,1983,11,-0.12140779703150283,-1.29,1983,11
1500_2000m,1983,12,0.6020046733115689,-1.03,1983,12
1500_2000m,1984,1,-0.19810186395984491,-1.16,1985,1
1500_2000m,1984,2,0.12201056934634377,-0.72,1985,2
1500_2000m,1984,3,0.11775096432282012,-0.79,1985,3
1500_2000m,1984,4,0.567548432625487,-1.18,1985,4
1500_2000m,1984,5,-0.3879713620003805,-1.03,1985,5
1500_2000m,1984,10,1.2092580822045371,-0.67,1984,10
1500_2000m,1984,11,0.9956408108886817,-1.19,1984,11
1500_2000m,1984,12,-0.20752252143975863,-1.34,1984,12
1500_2000m,1985,1,0.16699057239383763,-0.66,1986,1
1500_2000m,1985,2,0.3775219076486117,-0.71,1986,2
1500_2000m,1985,3,0.533901917577163,-0.42,1986,3
1500_2000m,1985,4,-0.03806296123276884,-0.33,1986,4
1500_2000m,1985,5,0.8398609189789367,-0.53,1986,5
1500_2000m,1985,10,0.843032570416398,-0.49,1985,10
1500_2000m,1985,11,0.6931084382128266,-0.37,1985,11
1500_2000m,1985,12,0.4464194465792603,-0.41,1985,12
1500_2000m,1986,1,0.016589093430332054,1.14,1987,1
1500_2000m,1986,2,-0.06708000331874138,1.13,1987,2
1500_2000m,1986,3,0.36077264199916054,0.98,1987,3
1500_2000m,1986,4,-0.48776112203170874,0.58,1987,4
1500_2000m,1986,5,-0.9503552139230436,0.62,1987,5
1500_2000m,1986,10,0.13369036149211308,0.81,1986,10
1500_2000m,1986,11,0.8423944154339218,1.01,1986,11
1500_2000m,1986,12,0.34426141364747076,1.12,1986,12
1500_2000m,1987,1,0.011067488395946052,0.9,1988,1
1500_2000m,1987,2,-0.2773146513725437,0.28,1988,2
1500_2000m,1987,3,0.19111983171089694,0.1,1988,3
1500_2000m,1987,4,-0.23978374333636304,-0.44,1988,4
1500_2000m,1987,5,-0.7758411111361163,-1.25,1988,5
1500_2000m,1987,10,-0.36117497447563746,1.24,1987,10
1500_2000m,1987,11,-0.55085834957745,1.07,1987,11
1500_2000m,1987,12,-0.3779252480808632,0.94,1987,12
1500_2000m,1988,1,1.1097684584398517,-1.97,1989,1
1500_2000m,1988,2,1.0034322807657086,-1.47,1989,2
1500_2000m,1988,3,1.131714888566318,-1.21,1989,3
1500_2000m,1988,4,0.9046873759601657,-1.08,1989,4
1500_2000m,1988,5,0.35039406958321384,-0.88,1989,5
1500_2000m,1988,10,-0.12471152147578231,-1.9,1988,10
1500_2000m,1988,11,-0.13950748426558246,-2.05,1988,11
1500_2000m,1988,12,0.3230011493185554,-1.96,1988,12
1500_2000m,1989,1,1.113908817698383,0.01,1990,1
1500_2000m,1989,2,1.054952563552725,0.21,1990,2
1500_2000m,1989,3,0.5324617716404813,0.04,1990,3
1500_2000m,1989,4,0.8549297126677184,0.08,1990,4
1500_2000m,1989,5,1.1718947788295289,0.08,1990,5
1500_2000m,1989,10,-0.42083061375704195,-0.4,1989,10
1500_2000m,1989,11,0.7982110521338027,-0.45,1989,11
1500_2000m,1989,12,0.8962470698706438,-0.13,1989,12
1500_2000m,1990,1,0.7532842828967415,0.49,1991,1
1500_2000m,1990,2,-0.8542868765491971,0.32,1991,2
1500_2000m,1990,3,0.06564705562913134,0.03,1991,3
1500_2000m,1990,4,0.1828834711579935,0.19,1991,4
1500_2000m,1990,5,-0.1698070850576302,0.26,1991,5
1500_2000m,1990,10,0.46227214241244596,0.21,1990,10
1500_2000m,1990,11,1.048333445778594,0.1,1990,11
1500_2000m,1990,12,1.4980808716606238,0.35,1990,12
1500_2000m,1991,1,-0.9885753221789889,1.84,1992,1
1500_2000m,1991,2,-0.47917702413096513,1.78,1992,2
1500_2000m,1991,3,-0.666924208548733,1.38,1992,3
1500_2000m,1991,4,-0.45867912946847705,1.2,1992,4
1500_2000m,1991,5,-0.16439223441062098,1.04,1992,5
1500_2000m,1991,10,0.8570011952444782,0.86,1991,10
1500_2000m,1991,11,0.5970042399213894,1.2,1991,11
1500_2000m,1991,12,-1.0178295603462573,1.69,1991,12
1500_2000m,1992,1,0.7425711365430263,0.14,1993,1
1500_2000m,1992,2,0.5670973207996844,0.41,1993,2
1500_2000m,1992,3,0.28245304817078704,0.39,1993,3
1500_2000m,1992,4,0.1004108599735146,0.59,1993,4
1500_2000m,1992,5,-0.7207186147414663,0.78,1993,5
1500_2000m,1992,10,0.6780211599837779,-0.3,1992,10
1500_2000m,1992,11,1.0155224381829302,-0.28,1992,11
1500_2000m,1992,12,0.37720698718076995,-0.15,1992,12
1500_2000m,1993,1,-0.3102221121212236,0.1,1994,1
1500_2000m,1993,2,0.21193502713565518,0.06,1994,2
1500_2000m,1993,3,-1.1397807620872378,0.11,1994,3
1500_2000m,1993,4,-0.346289704351001,0.26,1994,4
1500_2000m,1993,5,-0.6000865552820095,0.31,1994,5
1500_2000m,1993,10,-0.3873285860043301,0.06,1993,10
1500_2000m,1993,11,-0.018126094193445543,0.0,1993,11
1500_2000m,1993,12,-0.8337763257558718,0.16,1993,12
1500_2000m,1994,1,-0.5703903462965287,1.02,1995,1
1500_2000m,1994,2,-0.9910998294348153,0.73,1995,2
1500_2000m,1994,3,-1.2098177598118915,0.46,1995,3
1500_2000m,1994,4,0.15151988321545332,0.28,1995,4
1500_2000m,1994,5,0.9247124009898414,-0.11,1995,5
1500_2000m,1994,10,0.35521663196781367,0.75,1994,10
1500_2000m,1994,11,-0.09626136458284847,1.11,1994,11
1500_2000m,1994,12,-0.7713418823682799,1.25,1994,12
1500_2000m,1995,1,0.7186467178448107,-0.86,1996,1
1500_2000m,1995,2,0.38247994100327953,-0.86,1996,2
1500_2000m,1995,3,0.05439256782422835,-0.61,1996,3
1500_2000m,1995,4,0.5154149811883091,-0.47,1996,4
1500_2000m,1995,5,1.6297510997513882,-0.38,1996,5
1500_2000m,1995,10,-0.12085436111084422,-0.88,1995,10
1500_2000m,1995,11,0.467236697334659,-1.1,1995,11
1500_2000m,1995,12,0.9453246523434001,-0.95,1995,12
1500_2000m,1996,1,1.6418715475231251,-0.53,1997,1
1500_2000m,1996,2,1.1202675795575237,-0.37,1997,2
1500_2000m,1996,3,1.0066134590345375,-0.25,1997,3
1500_2000m,1996,4,-0.8558620302761697,0.16,1997,4
1500_2000m,1996,5,0.17074352389228828,0.64,1997,5
1500_2000m,1996,10,-0.5864105118680135,-0.44,1996,10
1500_2000m,1996,11,0.8405728005536658,-0.41,1996,11
1500_2000m,1996,12,1.6072462033198571,-0.64,1996,12
1500_2000m,1997,1,-0.09713575142242077,2.38,1998,1
1500_2000m,1997,2,-0.7126820811321187,2.03,1998,2
1500_2000m,1997,3,0.6727155530115118,1.34,1998,3
1500_2000m,1997,4,0.6476293976997278,0.78,1998,4
1500_2000m,1997,5,-1.6961835552605458,0.57,1998,5
1500_2000m,1997,10,-0.9664117154156165,2.36,1997,10
1500_2000m,1997,11,-2.068311003526544,2.41,1997,11
1500_2000m,1997,12,-1.952422095169376,2.29,1997,12
1500_2000m,1998,1,-0.5232280181978878,-1.69,1999,1
1500_2000m,1998,2,-1.9319018220128645,-1.32,1999,2
1500_2000m,1998,3,-1.2037453504071984,-0.95,1999,3
1500_2000m,1998,4,-0.28561701811901385,-1.11,1999,4
1500_2000m,1998,5,0.4025180545699009,-1.15,1999,5
1500_2000m,1998,10,-1.2367220116611417,-1.46,1998,10
1500_2000m,1998,11,-1.2832330061820238,-1.46,1998,11
1500_2000m,1998,12,-1.2716733174383672,-1.69,1998,12
1500_2000m,1999,1,-0.7626612861857829,-1.77,2000,1
1500_2000m,1999,2,0.2828591474452882,-1.55,2000,2
1500_2000m,1999,3,0.4943688130944972,-0.98,2000,3
1500_2000m,1999,4,0.03424967917881705,-0.87,2000,4
1500_2000m,1999,5,-0.7313036839804504,-0.86,2000,5
1500_2000m,1999,10,1.0792883336870396,-1.23,1999,10
1500_2000m,1999,11,-1.1868384491786264,-1.58,1999,11
1500_2000m,1999,12,-1.890735454739813,-1.74,1999,12
1500_2000m,2000,1,-1.0392847797527076,-0.73,2001,1
1500_2000m,2000,2,-0.4051105245160765,-0.63,2001,2
1500_2000m,2000,3,-0.8234667284379177,-0.48,2001,3
1500_2000m,2000,4,0.7666269427178461,-0.49,2001,4
1500_2000m,2000,5,-1.6014989439359337,-0.34,2001,5
1500_2000m,2000,10,-1.1473827375111605,-0.7,2000,10
1500_2000m,2000,11,-0.6030593491791716,-0.79,2000,11
1500_2000m,2000,12,-0.3989129643136681,-0.92,2000,12
1500_2000m,2001,1,-0.6857898405562817,-0.15,2002,1
1500_2000m,2001,2,-0.17701029079572259,-0.04,2002,2
1500_2000m,2001,3,0.9255043740118467,0.01,2002,3
1500_2000m,2001,4,0.7750653728039231,0.02,2002,4
1500_2000m,2001,5,1.64330493141408,0.31,2002,5
1500_2000m,2001,10,-0.5348490031315654,-0.14,2001,10
1500_2000m,2001,11,-0.338049859558851,-0.37,2001,11
1500_2000m,2001,12,0.4105647471438691,-0.41,2001,12
1500_2000m,2002,1,-1.4359193440546,0.6,2003,1
1500_2000m,2002,2,0.04781144335597026,0.64,2003,2
1500_2000m,2002,3,0.15612449087054667,0.36,2003,3
1500_2000m,2002,4,-0.22496836743468648,-0.14,2003,4
1500_2000m,2002,5,1.0325780564931017,-0.61,2003,5
1500_2000m,2002,10,0.7484595608280439,1.25,2002,10
1500_2000m,2002,11,-0.5712581824902561,1.47,2002,11
1500_2000m,2002,12,-1.6530450540618808,1.37,2002,12
1500_2000m,2003,1,0.27300370373555977,0.27,2004,1
1500_2000m,2003,2,0.5796391563537571,0.23,2004,2
1500_2000m,2003,3,-0.5430972156518836,0.12,2004,3
1500_2000m,2003,4,-1.008772829403125,0.07,2004,4
1500_2000m,2003,5,0.6700135598600392,0.06,2004,5
1500_2000m,2003,10,-0.13777518307454836,0.42,2003,10
1500_2000m,2003,11,1.9110574050114792,0.33,2003,11
1500_2000m,2003,12,0.3489980700607342,0.43,2003,12
1500_2000m,2004,1,-0.28177425393893785,0.66,2005,1
1500_2000m,2004,2,-1.0195452848027335,0.36,2005,2
1500_2000m,2004,3,-0.9939235635853547,0.45,2005,3
1500_2000m,2004,4,-1.6700585528256442,0.26,2005,4
1500_2000m,2004,5,-0.9206870112819313,0.3,2005,5
1500_2000m,2004,10,0.3976564803343909,0.73,2004,10
1500_2000m,2004,11,-1.4073113275151425,0.66,2004,11
1500_2000m,2004,12,-1.028342175961679,0.74,2004,12
1500_2000m,2005,1,-1.838687947499618,-0.91,2006,1
1500_2000m,2005,2,-1.6143228833262775,-0.67,2006,2
1500_2000m,2005,3,-0.261917503244573,-0.71,2006,3
1500_2000m,2005,4,-1.557841032937821,-0.32,2006,4
1500_2000m,2005,5,-0.8890716605572848,-0.09,2006,5
1500_2000m,2005,10,-0.8365567580689627,-0.06,2005,10
1500_2000m,2005,11,-0.5359170869583888,-0.59,2005,11
1500_2000m,2005,12,-0.6025568840000215,-0.92,2005,12
1500_2000m,2006,1,-1.3126135902436848,0.7,2007,1
1500_2000m,2006,2,-0.13161747639536048,0.13,2007,2
1500_2000m,2006,3,-0.733718682852054,-0.18,2007,3
1500_2000m,2006,4,-0.4474169377577513,-0.32,2007,4
1500_2000m,2006,5,0.005461380022277806,-0.47,2007,5
1500_2000m,2006,10,0.026745937387516006,0.7,2006,10
1500_2000m,2006,11,0.22701948005531716,0.99,2006,11
1500_2000m,2006,12,-0.8178775985362485,1.14,2006,12
1500_2000m,2007,1,-0.13220728492826042,-1.68,2008,1
1500_2000m,2007,2,0.22244283804285142,-1.67,2008,2
1500_2000m,2007,3,-1.072869703826545,-1.21,2008,3
1500_2000m,2007,4,0.10652622428452548,-0.99,2008,4
1500_2000m,2007,5,0.37126688353091364,-0.84,2008,5
1500_2000m,2007,10,-0.5950516664260762,-1.39,2007,10
1500_2000m,2007,11,-1.0689202134211455,-1.54,2007,11
1500_2000m,2007,12,-0.3975617892188972,-1.58,2007,12
1500_2000m,2008,1,0.970127825070906,-0.89,2009,1
1500_2000m,2008,2,0.211217733904968,-0.79,2009,2
1500_2000m,2008,3,0.7459251505337905,-0.69,2009,3
1500_2000m,2008,4,0.7590030756471857,-0.35,2009,4
1500_2000m,2008,5,0.3436719969274489,0.06,2009,5
1500_2000m,2008,10,-1.9231989928808784,-0.35,2008,10
1500_2000m,2008,11,-0.6721052513309392,-0.46,2008,11
1500_2000m,2008,12,1.1676275512196796,-0.86,2008,12
1500_2000m,2009,1,0.09670797098762253,1.52,2010,1
1500_2000m,2009,2,0.5739636948762453,1.25,2010,2
1500_2000m,2009,3,-1.270378533319369,0.9,2010,3
1500_2000m,2009,4,-1.021442499973126,0.38,2010,4
1500_2000m,2009,5,0.6817364643974504,-0.22,2010,5
1500_2000m,2009,10,1.1779072144981393,0.89,2009,10
1500_2000m,2009,11,-1.4836604341263624,1.46,2009,11
1500_2000m,2009,12,0.22825303171874076,1.74,2009,12
1500_2000m,2010,1,1.261611472478811,-1.54,2011,1
1500_2000m,2010,2,1.0866323745055326,-1.11,2011,2
1500_2000m,2010,3,0.7140868649182762,-0.93,2011,3
1500_2000m,2010,4,1.6445132127074715,-0.77,2011,4
1500_2000m,2010,5,0.3095296211738789,-0.52,2011,5
1500_2000m,2010,10,-1.2289176225449059,-1.69,2010,10
1500_2000m,2010,11,0.6865847556451103,-1.64,2010,11
1500_2000m,2010,12,1.2232423482269053,-1.6,2010,12
1500_2000m,2011,1,-0.8577192575477895,-0.87,2012,1
1500_2000m,2011,2,-0.7606669549289062,-0.67,2012,2
1500_2000m,2011,3,-0.38855037117830354,-0.61,2012,3
1500_2000m,2011,4,-0.5892475279432509,-0.5,2012,4
1500_2000m,2011,5,-0.28109436032809226,-0.32,2012,5
1500_2000m,2011,10,-1.3994054011875396,-1.05,2011,10
1500_2000m,2011,11,-0.8148317547921813,-1.19,2011,11
1500_2000m,2011,12,-0.1668248355796286,-1.06,2011,12
1500_2000m,2012,1,0.4212490858190054,-0.53,2013,1
1500_2000m,2012,2,-0.29318280045857015,-0.52,2013,2
1500_2000m,2012,3,0.2315289654096516,-0.25,2013,3
1500_2000m,2012,4,0.33824268643425137,-0.25,2013,4
1500_2000m,2012,5,-0.294674099094997,-0.4,2013,5
1500_2000m,2012,10,1.1393394731029454,0.26,2012,10
1500_2000m,2012,11,0.7334615598343929,0.16,2012,11
1500_2000m,2012,12,0.47118935565382075,-0.25,2012,12
1500_2000m,2013,1,0.5640615462497421,-0.49,2014,1
1500_2000m,2013,2,0.9946450145267124,-0.62,2014,2
1500_2000m,2013,3,0.8747678792295834,-0.28,2014,3
1500_2000m,2013,4,0.6182455033815002,0.08,2014,4
1500_2000m,2013,5,1.2929486285543337,0.32,2014,5
1500_2000m,2013,10,0.09325961400718413,-0.2,2013,10
1500_2000m,2013,11,0.9135368693044542,-0.14,2013,11
1500_2000m,2013,12,1.1613447407953812,-0.17,2013,12
1500_2000m,2014,1,0.17468865050030669,0.51,2015,1
1500_2000m,2014,2,-0.5580106476983407,0.42,2015,2
1500_2000m,2014,3,-0.5794650278841664,0.47,2015,3
1500_2000m,2014,4,-0.8899504773714056,0.7,2015,4
1500_2000m,2014,5,-0.8676043294434068,0.92,2015,5
1500_2000m,2014,10,-1.2555021545882126,0.44,2014,10
1500_2000m,2014,11,1.0975000670282726,0.75,2014,11
1500_2000m,2014,12,0.5804804002659721,0.71,2014,12
1500_2000m,2015,1,0.5996074547981377,2.57,2016,1
1500_2000m,2015,2,-0.4664287516038679,2.26,2016,2
1500_2000m,2015,3,-1.2329940821376293,1.62,2016,3
1500_2000m,2015,4,-1.9415194406388179,0.91,2016,4
1500_2000m,2015,5,-0.46752988045938304,0.3,2016,5
1500_2000m,2015,10,-1.2310458365276804,2.36,2015,10
1500_2000m,2015,11,0.06715397832164555,2.72,2015,11
1500_2000m,2015,12,-0.05916230295806209,2.66,2015,12
1500_2000m,2016,1,0.6375727201349707,-0.43,2017,1
1500_2000m,2016,2,0.5049821477556228,-0.08,2017,2
1500_2000m,2016,3,0.21135061850575804,0.03,2017,3
1500_2000m,2016,4,0.33436407171327764,0.22,2017,4
1500_2000m,2016,5,-0.48192003604033967,0.37,2017,5
1500_2000m,2016,10,0.35856954344123304,-0.74,2016,10
1500_2000m,2016,11,-1.5451695263948042,-0.76,2016,11
1500_2000m,2016,12,-0.03343496968300649,-0.5,2016,12
1500_2000m,2017,1,0.9935160361976604,-0.98,2018,1
1500_2000m,2017,2,1.515177395288925,-0.78,2018,2
1500_2000m,2017,3,1.7556802030711254,-0.8,2018,3
1500_2000m,2017,4,1.7858705022318568,-0.51,2018,4
1500_2000m,2017,5,-0.6839429779208404,-0.2,2018,5
1500_2000m,2017,10,0.1309449032774386,-0.56,2017,10
1500_2000m,2017,11,0.7308056668968669,-0.97,2017,11
1500_2000m,2017,12,-0.09734754678998264,-0.98,2017,12
1500_2000m,2018,1,-1.21984706398414,0.65,2019,1
1500_2000m,2018,2,-0.1509923354533295,0.71,2019,2
1500_2000m,2018,3,0.5082066579123065,0.81,2019,3
1500_2000m,2018,4,-0.21202297657768948,0.62,2019,4
1500_2000m,2018,5,0.558272493125212,0.55,2019,5
1500_2000m,2018,10,1.8957123184520932,0.9,2018,10
1500_2000m,2018,11,-0.14592736751311558,0.9,2018,11
1500_2000m,2018,12,-0.7697986374351223,0.89,2018,12
1500_2000m,2019,1,0.2890267563314738,0.6,2020,1
1500_2000m,2019,2,-0.34537714366440997,0.37,2020,2
1500_2000m,2019,3,-0.20145719004746487,0.48,2020,3
1500_2000m,2019,4,0.029656865038883266,0.36,2020,4
1500_2000m,2019,5,-0.655777585320888,-0.27,2020,5
1500_2000m,2019,10,1.8372581475430483,0.48,2019,10
1500_2000m,2019,11,1.299277096454026,0.52,2019,11
1500_2000m,2019,12,0.9203218414911678,0.52,2019,12
1500_2000m,2020,1,-0.5094280911512851,-1.0,2021,1
1500_2000m,2020,2,0.17160898129410976,-1.0,2021,2
1500_2000m,2020,3,-0.8338243623597213,-0.8,2021,3
1500_2000m,2020,4,-0.6468965773925048,-0.72,2021,4
1500_2000m,2020,5,-0.15438464221476222,-0.46,2021,5
1500_2000m,2020,10,1.4705771591845926,-1.26,2020,10
1500_2000m,2020,11,0.037040866463127334,-1.42,2020,11
1500_2000m,2020,12,-0.26586631479061396,-1.15,2020,12
1500_2000m,2021,1,0.7906316709889853,-0.94,2022,1
1500_2000m,2021,2,0.01642117558018233,-0.89,2022,2
1500_2000m,2021,3,-0.08804015447460055,-0.97,2022,3
1500_2000m,2021,4,-0.5618798157428768,-1.11,2022,4
1500_2000m,2021,5,-0.32449880059162667,-1.11,2022,5
1500_2000m,2021,10,-0.3193123258933375,-0.94,2021,10
1500_2000m,2021,11,-0.5678274658363452,-0.94,2021,11
1500_2000m,2021,12,0.03607962162502822,-1.06,2021,12
1500_2000m,2022,1,0.7037445702326751,-0.72,2023,1
1500_2000m,2022,2,0.9938999474587092,-0.46,2023,2
1500_2000m,2022,3,1.2548657224313873,-0.11,2023,3
1500_2000m,2022,4,0.7596256718345512,0.14,2023,4
1500_2000m,2022,5,-1.4305545256060797,0.46,2023,5
1500_2000m,2022,10,0.4447398774669867,-0.99,2022,10
1500_2000m,2022,11,1.4798547032317133,-0.9,2022,11
1500_2000m,2022,12,0.9900627655225888,-0.85,2022,12
1500_2000m,2023,1,0.8371430958781165,1.81,2024,1
1500_2000m,2023,2,1.255874299108729,1.52,2024,2
1500_2000m,2023,3,1.427806719717556,1.13,2024,3
1500_2000m,2023,4,1.167471267310723,0.77,2024,4
1500_2000m,2023,5,1.2162964283588509,0.23,2024,5
1500_2000m,2023,10,0.6677964334052289,1.72,2023,10
1500_2000m,2023,11,-0.3590531254262882,2.02,2023,11
1500_2000m,2023,12,-0.005881886008823921,2.03,2023,12
2000_2500m,1980,1,-0.618916749369476,-0.36,1981,1
2000_2500m,1980,2,-0.6422683206435048,-0.64,1981,2
2000_2500m,1980,3,-1.070217354789598,-0.64,1981,3
2000_2500m,1980,4,-0.3433147894857517,-0.53,1981,4
2000_2500m,1980,5,0.4494139465479346,-0.57,1981,5
2000_2500m,1980,10,-0.21671542940785554,-0.26,1980,10
2000_2500m,1980,11,-0.07041763900545724,-0.1,1980,11
2000_2500m,1980,12,0.9363781851575667,0.05,1980,12
2000_2500m,1981,1,-0.32321263634300895,0.13,1982,1
2000_2500m,1981,2,-0.1592961201081631,-0.17,1982,2
2000_2500m,1981,3,-0.024441420188489618,0.13,1982,3
2000_2500m,1981,4,0.544828167185461,0.21,1982,4
2000_2500m,1981,5,0.6220433755839214,0.45,1982,5
2000_2500m,1981,10,0.5977140850906439,-0.3,1981,10
2000_2500m,1981,11,-0.7657069852326356,-0.41,1981,11
2000_2500m,1981,12,-0.6240378596560805,-0.2,1981,12
2000_2500m,1982,1,0.05203709595303799,2.35,1983,1
2000_2500m,1982,2,-0.06369030839626212,1.94,1983,2
2000_2500m,1982,3,0.2055631677675862,1.38,1983,3
2000_2500m,1982,4,0.40649291558119505,0.95,1983,4
2000_2500m,1982,5,0.1356714756857956,0.9,1983,5
2000_2500m,1982,10,0.007017890492468564,1.99,1982,10
2000_2500m,1982,11,-0.4227925282102961,1.92,1982,11
2000_2500m,1982,12,-0.20762949168754494,2.2,1982,12
2000_2500m,1983,1,-0.5677892384576982,-0.67,1984,1
2000_2500m,1983,2,-0.7546726041977286,-0.19,1984,2
2000_2500m,1983,3,-0.3786175885454855,-0.52,1984,3
2000_2500m,1983,4,-0.22884171840562267,-0.68,1984,4
2000_2500m,1983,5,0.6026918621338446,-0.73,1984,5
2000_2500m,1983,10,-0.4574433557997945,-1.16,1983,10
2000_2500m,1983,11,-0.4166098694055874,-1.29,1983,11
2000_2500m,1983,12,-0.42309720931062117,-1.03,1983,12
2000_2500m,1984,1,-0.516363012678011,-1.16,1985,1
2000_2500m,1984,2,-0.553133079554593,-0.72,1985,2
2000_2500m,1984,3,-0.27979553050129635,-0.79,1985,3
2000_2500m,1984,4,-0.1475372860323472,-1.18,1985,4
2000_2500m,1984,5,-0.1597286488942502,-1.03,1985,5
2000_2500m,1984,10,0.4997096715425155,-0.67,1984,10
2000_2500m,1984,11,0.4538169257507854,-1.19,1984,11
2000_2500m,1984,12,-0.21173610614849617,-1.34,1984,12
2000_2500m,1985,1,0.3295700446865836,-0.66,1986,1
2000_2500m,1985,2,0.2264893775076321,-0.71,1986,2
2000_2500m,1985,3,0.45729160427525467,-0.42,1986,3
2000_2500m,1985,4,0.5104689668463958,-0.33,1986,4
2000_2500m,1985,5,1.438015220175827,-0.53,1986,5
2000_2500m,1985,10,1.3669454833490924,-0.49,1985,10
2000_2500m,1985,11,1.58519254117341,-0.37,1985,11
2000_2500m,1985,12,0.6906157575009171,-0.41,1985,12
2000_2500m,1986,1,0.31524151153887386,1.14,1987,1
2000_2500m,1986,2,0.11112675960112346,1.13,1987,2
2000_2500m,1986,3,0.03025326052051151,0.98,1987,3
2000_2500m,1986,4,-0.41242587737811726,0.58,1987,4
2000_2500m,1986,5,-0.9220027207244046,0.62,1987,5
2000_2500m,1986,10,1.6997339814306818,0.81,1986,10
2000_2500m,1986,11,0.8569320691818578,1.01,1986,11
2000_2500m,1986,12,0.6279246051137128,1.12,1986,12
2000_2500m,1987,1,-1.0258963404815487,0.9,1988,1
2000_2500m,1987,2,-0.7992787634346843,0.28,1988,2
2000_2500m,1987,3,-0.5006978780417122,0.1,1988,3
2000_2500m,1987,4,-0.05707982931390851,-0.44,1988,4
2000_2500m,1987,5,-0.07858688255116987,-1.25,1988,5
2000_2500m,1987,10,-1.0148285289060144,1.24,1987,10
2000_2500m,1987,11,-1.2859418825506104,1.07,1987,11
2000_2500m,1987,12,-0.9980201386016418,0.94,1987,12
2000_2500m,1988,1,0.19653037220655353,-1.97,1989,1
2000_2500m,1988,2,0.10648850542494763,-1.47,1989,2
2000_2500m,1988,3,0.4867961262511751,-1.21,1989,3
2000_2500m,1988,4,0.7530457080514446,-1.08,1989,4
2000_2500m,1988,5,0.5340233523279256,-0.88,1989,5
2000_2500m,1988,10,-0.17085469759995867,-1.9,1988,10
2000_2500m,1988,11,-0.1679593146353855,-2.05,1988,11
2000_2500m,1988,12,-0.4365361913532212,-1.96,1988,12
2000_2500m,1989,1,1.3118563168886404,0.01,1990,1
2000_2500m,1989,2,1.4992963992407549,0.21,1990,2
2000_2500m,1989,3,1.4871213759930744,0.04,1990,3
2000_2500m,1989,4,1.250431600952431,0.08,1990,4
2000_2500m,1989,5,1.546857316448349,0.08,1990,5
2000_2500m,1989,10,0.3014141863534213,-0.4,1989,10
2000_2500m,1989,11,1.1197520132780254,-0.45,1989,11
2000_2500m,1989,12,1.0166483918490872,-0.13,1989,12
2000_2500m,1990,1,1.5902048996986242,0.49,1991,1
2000_2500m,1990,2,0.9646493641351351,0.32,1991,2
2000_2500m,1990,3,1.157081710357349,0.03,1991,3
2000_2500m,1990,4,1.596187894378697,0.19,1991,4
2000_2500m,1990,5,1.0144385447097801,0.26,1991,5
2000_2500m,1990,10,0.8310705973269877,0.21,1990,10
2000_2500m,1990,11,1.4240826813911367,0.1,1990,11
2000_2500m,1990,12,2.0350882390937266,0.35,1990,12
2000_2500m,1991,1,-0.19470425346763634,1.84,1992,1
2000_2500m,1991,2,0.33116850986831187,1.78,1992,2
2000_2500m,1991,3,-0.1930174968567132,1.38,1992,3
2000_2500m,1991,4,-0.4066342164992174,1.2,1992,4
2000_2500m,1991,5,-0.7282547493500428,1.04,1992,5
2000_2500m,1991,10,0.3153163405567708,0.86,1991,10
2000_2500m,1991,11,0.8053297577088558,1.2,1991,11
2000_2500m,1991,12,0.2054608380567567,1.69,1991,12
2000_2500m,1992,1,0.5889989189241194,0.14,1993,1
2000_2500m,1992,2,0.7118757578613022,0.41,1993,2
2000_2500m,1992,3,0.7084018825380661,0.39,1993,3
2000_2500m,1992,4,0.9386617935043514,0.59,1993,4
2000_2500m,1992,5,0.1089381371215902,0.78,1993,5
2000_2500m,1992,10,0.5186910749187225,-0.3,1992,10
2000_2500m,1992,11,0.6340503157681967,-0.28,1992,11
2000_2500m,1992,12,0.4611952867084512,-0.15,1992,12
2000_2500m,1993,1,0.6080750421285287,0.1,1994,1
2000_2500m,1993,2,0.5459882061811664,0.06,1994,2
2000_2500m,1993,3,0.11565675172303104,0.11,1994,3
2000_2500m,1993,4,0.14974908267752324,0.26,1994,4
2000_2500m,1993,5,-0.1656448989345869,0.31,1994,5
2000_2500m,1993,10,-0.318203883857169,0.06,1993,10
2000_2500m,1993,11,0.0600578278177364,0.0,1993,11
2000_2500m,1993,12,0.2202822524242998,0.16,1993,12
2000_2500m,1994,1,0.2438846070674873,1.02,1995,1
2000_2500m,1994,2,0.3422576807191005,0.73,1995,2
2000_2500m,1994,3,0.3443252446856108,0.46,1995,3
2000_2500m,1994,4,0.5711126898571403,0.28,1995,4
2000_2500m,1994,5,1.371237679068485,-0.11,1995,5
2000_2500m,1994,10,0.4471266426394353,0.75,1994,10
2000_2500m,1994,11,0.3142753702100916,1.11,1994,11
2000_2500m,1994,12,0.37430133337137333,1.25,1994,12
2000_2500m,1995,1,1.8934766646036567,-0.86,1996,1
2000_2500m,1995,2,1.7519542182983823,-0.86,1996,2
2000_2500m,1995,3,1.3451644726486955,-0.61,1996,3
2000_2500m,1995,4,1.4204553539534364,-0.47,1996,4
2000_2500m,1995,5,1.9990147954995738,-0.38,1996,5
2000_2500m,1995,10,1.1197696183300252,-0.88,1995,10
2000_2500m,1995,11,0.9476323115900406,-1.1,1995,11
2000_2500m,1995,12,1.477377810118851,-0.95,1995,12
2000_2500m,1996,1,0.07582375794371607,-0.53,1997,1
2000_2500m,1996,2,-0.2834431085561288,-0.37,1997,2
2000_2500m,1996,3,-0.3750204635018193,-0.25,1997,3
2000_2500m,1996,4,-1.1449750888532846,0.16,1997,4
2000_2500m,1996,5,-1.143116352848192,0.64,1997,5
2000_2500m,1996,10,-1.1690176187842742,-0.44,1996,10
2000_2500m,1996,11,-0.5558756858433083,-0.41,1996,11
2000_2500m,1996,12,-0.1208057462366572,-0.64,1996,12
2000_2500m,1997,1,-1.9262020192165115,2.38,1998,1
2000_2500m,1997,2,-1.852198742779251,2.03,1998,2
2000_2500m,1997,3,-1.2508098885093328,1.34,1998,3
2000_2500m,1997,4,-0.8792131647035795,0.78,1998,4
2000_2500m,1997,5,-1.8367388331609362,0.57,1998,5
2000_2500m,1997,10,-1.4642189489764437,2.36,1997,10
2000_2500m,1997,11,-2.18273633326532,2.41,1997,11
2000_2500m,1997,12,-2.2354882406973253,2.29,1997,12
2000_2500m,1998,1,-1.2421926338741107,-1.69,1999,1
2000_2500m,1998,2,-1.1295769921302627,-1.32,1999,2
2000_2500m,1998,3,-0.8663136775050371,-0.95,1999,3
2000_2500m,1998,4,-0.5515682255178121,-1.11,1999,4
2000_2500m,1998,5,0.5460538947674964,-1.15,1999,5
2000_2500m,1998,10,-0.8138553673638557,-1.46,1998,10
2000_2500m,1998,11,-1.744455096361075,-1.46,1998,11
2000_2500m,1998,12,-1.6421180702743523,-1.69,1998,12
2000_2500m,1999,1,-0.5165522586843474,-1.77,2000,1
2000_2500m,1999,2,-0.0013872873568422249,-1.55,2000,2
2000_2500m,1999,3,0.4691779138836565,-0.98,2000,3
2000_2500m,1999,4,0.3645585327170598,-0.87,2000,4
2000_2500m,1999,5,0.24238081857826882,-0.86,2000,5
2000_2500m,1999,10,1.3850919408441984,-1.23,1999,10
2000_2500m,1999,11,0.4176617335899841,-1.58,1999,11
2000_2500m,1999,12,-0.381113826200545,-1.74,1999,12
2000_2500m,2000,1,-0.8008244030003098,-0.73,2001,1
2000_2500m,2000,2,-0.6861952605295436,-0.63,2001,2
2000_2500m,2000,3,-0.7272043363697109,-0.48,2001,3
2000_2500m,2000,4,-0.20627462679691508,-0.49,2001,4
2000_2500m,2000,5,-0.853776450936542,-0.34,2001,5
2000_2500m,2000,10,-1.3186044967728303,-0.7,2000,10
2000_2500m,2000,11,-1.2080662415155128,-0.79,2000,11
2000_2500m,2000,12,-1.204748557269195,-0.92,2000,12
2000_2500m,2001,1,-0.38105127072279776,-0.15,2002,1
2000_2500m,2001,2,-0.1510012345755708,-0.04,2002,2
2000_2500m,2001,3,0.3796883313124179,0.01,2002,3
2000_2500m,2001,4,0.19700768729822543,0.02,2002,4
2000_2500m,2001,5,0.654237508194314,0.31,2002,5
2000_2500m,2001,10,-0.5071499651046151,-0.14,2001,10
2000_2500m,2001,11,-0.8564569396228378,-0.37,2001,11
2000_2500m,2001,12,-0.3077276430873016,-0.41,2001,12
2000_2500m,2002,1,-1.751283165904345,0.6,2003,1
2000_2500m,2002,2,-1.3537487315210286,0.64,2003,2
2000_2500m,2002,3,-1.1512412001968442,0.36,2003,3
2000_2500m,2002,4,-1.1009643719926616,-0.14,2003,4
2000_2500m,2002,5,-0.20764047139467515,-0.61,2003,5
2000_2500m,2002,10,0.6022940566238427,1.25,2002,10
2000_2500m,2002,11,-0.8164784336115144,1.47,2002,11
2000_2500m,2002,12,-1.6289847639864417,1.37,2002,12
2000_2500m,2003,1,0.179598181494496,0.27,2004,1
2000_2500m,2003,2,0.25339331046065,0.23,2004,2
2000_2500m,2003,3,-0.10957166210285717,0.12,2004,3
2000_2500m,2003,4,-0.5650450790812235,0.07,2004,4
2000_2500m,2003,5,-0.26730302281934315,0.06,2004,5
2000_2500m,2003,10,-0.8559755618418297,0.42,2003,10
2000_2500m,2003,11,0.8105971261069163,0.33,2003,11
2000_2500m,2003,12,0.6940537493149503,0.43,2003,12
2000_2500m,2004,1,-0.8228634601127428,0.66,2005,1
2000_2500m,2004,2,-1.1427080270002103,0.36,2005,2
2000_2500m,2004,3,-1.6580663678752066,0.45,2005,3
2000_2500m,2004,4,-1.8520041919067747,0.26,2005,4
2000_2500m,2004,5,-1.8050513546982914,0.3,2005,5
2000_2500m,2004,10,0.1364011582496942,0.73,2004,10
2000_2500m,2004,11,-0.9796726035773768,0.66,2004,11
2000_2500m,2004,12,-1.1294290284412363,0.74,2004,12
2000_2500m,2005,1,-1.3384185044943344,-0.91,2006,1
2000_2500m,2005,2,-1.5721834656516458,-0.67,2006,2
2000_2500m,2005,3,-1.4191535593203528,-0.71,2006,3
2000_2500m,2005,4,-1.5115024734151736,-0.32,2006,4
2000_2500m,2005,5,-1.2928482154823964,-0.09,2006,5
2000_2500m,2005,10,0.2077525560857858,-0.06,2005,10
2000_2500m,2005,11,-0.2838010902465367,-0.59,2005,11
2000_2500m,2005,12,-0.9047114332439837,-0.92,2005,12
2000_2500m,2006,1,0.051665410990540075,0.7,2007,1
2000_2500m,2006,2,-0.13425599499129023,0.13,2007,2
2000_2500m,2006,3,-0.3503161524916624,-0.18,2007,3
2000_2500m,2006,4,-0.5350365081766132,-0.32,2007,4
2000_2500m,2006,5,-0.6574094319478255,-0.47,2007,5
2000_2500m,2006,10,-0.5845898008727134,0.7,2006,10
2000_2500m,2006,11,0.5381534167101117,0.99,2006,11
2000_2500m,2006,12,0.3056664652618352,1.14,2006,12
2000_2500m,2007,1,-0.21912290772085852,-1.68,2008,1
2000_2500m,2007,2,-0.22573259807962814,-1.67,2008,2
2000_2500m,2007,3,-0.7158077796309708,-1.21,2008,3
2000_2500m,2007,4,-0.5331114978280269,-0.99,2008,4
2000_2500m,2007,5,-0.03365482616798901,-0.84,2008,5
2000_2500m,2007,10,0.19633456323412604,-1.39,2007,10
2000_2500m,2007,11,-0.6675124988194615,-1.54,2007,11
2000_2500m,2007,12,-0.5652503899605671,-1.58,2007,12
2000_2500m,2008,1,0.23862706546367873,-0.89,2009,1
2000_2500m,2008,2,-0.23355272841946587,-0.79,2009,2
2000_2500m,2008,3,0.10284162148626066,-0.69,2009,3
2000_2500m,2008,4,0.14739548218840678,-0.35,2009,4
2000_2500m,2008,5,0.26430120839485116,0.06,2009,5
2000_2500m,2008,10,-1.0099810306070316,-0.35,2008,10
2000_2500m,2008,11,-0.8960365785954809,-0.46,2008,11
2000_2500m,2008,12,0.06193009648276137,-0.86,2008,12
2000_2500m,2009,1,-0.4196672684444465,1.52,2010,1
2000_2500m,2009,2,-0.567776245748713,1.25,2010,2
2000_2500m,2009,3,-1.0329915052539318,0.9,2010,3
2000_2500m,2009,4,-1.3082520538213724,0.38,2010,4
2000_2500m,2009,5,-0.6164826099443118,-0.22,2010,5
2000_2500m,2009,10,0.987793547320328,0.89,2009,10
2000_2500m,2009,11,0.10546381765518138,1.46,2009,11
2000_2500m,2009,12,-0.11196302144902257,1.74,2009,12
2000_2500m,2010,1,0.07183766868298261,-1.54,2011,1
2000_2500m,2010,2,0.13943484156156935,-1.11,2011,2
2000_2500m,2010,3,0.09712008153838908,-0.93,2011,3
2000_2500m,2010,4,0.9290295037143245,-0.77,2011,4
2000_2500m,2010,5,0.6965989983082052,-0.52,2011,5
2000_2500m,2010,10,-1.7039125985714056,-1.69,2010,10
2000_2500m,2010,11,-0.5634055748872333,-1.64,2010,11
2000_2500m,2010,12,-0.16162956271501341,-1.6,2010,12
2000_2500m,2011,1,-0.6727076188235009,-0.87,2012,1
2000_2500m,2011,2,-0.877490978572612,-0.67,2012,2
2000_2500m,2011,3,-0.4906734075412885,-0.61,2012,3
2000_2500m,2011,4,-0.16407630150101774,-0.5,2012,4
2000_2500m,2011,5,-0.2492030404431154,-0.32,2012,5
2000_2500m,2011,10,-0.5142332666567724,-1.05,2011,10
2000_2500m,2011,11,-0.7849197105206961,-1.19,2011,11
2000_2500m,2011,12,-0.3909365350240266,-1.06,2011,12
2000_2500m,2012,1,0.33846329632695327,-0.53,2013,1
2000_2500m,2012,2,-0.0011126648651784477,-0.52,2013,2
2000_2500m,2012,3,-0.03858733227082684,-0.25,2013,3
2000_2500m,2012,4,-0.2260209628656144,-0.25,2013,4
2000_2500m,2012,5,-0.5081625272083067,-0.4,2013,5
2000_2500m,2012,10,0.26350867719966525,0.26,2012,10
2000_2500m,2012,11,0.6164428137248658,0.16,2012,11
2000_2500m,2012,12,0.7038874758217564,-0.25,2012,12
2000_2500m,2013,1,0.9165392258223612,-0.49,2014,1
2000_2500m,2013,2,0.9130686751238977,-0.62,2014,2
2000_2500m,2013,3,1.0459666550224411,-0.28,2014,3
2000_2500m,2013,4,0.8731152556571533,0.08,2014,4
2000_2500m,2013,5,1.1016539184711815,0.32,2014,5
2000_2500m,2013,10,0.11983792547313935,-0.2,2013,10
2000_2500m,2013,11,0.29756302320655226,-0.14,2013,11
2000_2500m,2013,12,0.7903130569137629,-0.17,2013,12
2000_2500m,2014,1,0.05223394258594268,0.51,2015,1
2000_2500m,2014,2,0.08723823561072833,0.42,2015,2
2000_2500m,2014,3,-0.13453768208066444,0.47,2015,3
2000_2500m,2014,4,-0.5051589296227346,0.7,2015,4
2000_2500m,2014,5,-0.7906581076974201,0.92,2015,5
2000_2500m,2014,10,-0.9125686573257081,0.44,2014,10
2000_2500m,2014,11,0.16223390174559937,0.75,2014,11
2000_2500m,2014,12,0.16981553114380515,0.71,2014,12
2000_2500m,2015,1,0.20705411355286213,2.57,2016,1
2000_2500m,2015,2,-0.1464389619631242,2.26,2016,2
2000_2500m,2015,3,-0.6249595757160502,1.62,2016,3
2000_2500m,2015,4,-1.5100409950800355,0.91,2016,4
2000_2500m,2015,5,-1.397734086443789,0.3,2016,5
2000_2500m,2015,10,-2.0715266227932623,2.36,2015,10
2000_2500m,2015,11,-0.062060610412749385,2.72,2015,11
2000_2500m,2015,12,0.2648738632732889,2.66,2015,12
2000_2500m,2016,1,0.4577917246604038,-0.43,2017,1
2000_2500m,2016,2,0.3953024996676738,-0.08,2017,2
2000_2500m,2016,3,0.5739522332337879,0.03,2017,3
2000_2500m,2016,4,1.0051864866322107,0.22,2017,4
2000_2500m,2016,5,0.8715876223892838,0.37,2017,5
2000_2500m,2016,10,0.7492044479220291,-0.74,2016,10
2000_2500m,2016,11,-0.22863374951628898,-0.76,2016,11
2000_2500m,2016,12,-0.004365610298794222,-0.5,2016,12
2000_2500m,2017,1,0.5111306966575022,-0.98,2018,1
2000_2500m,2017,2,1.2306822296231077,-0.78,2018,2
2000_2500m,2017,3,1.4097355192073473,-0.8,2018,3
2000_2500m,2017,4,1.3100156521707598,-0.51,2018,4
2000_2500m,2017,5,0.025634233531858182,-0.2,2018,5
2000_2500m,2017,10,0.11712331147026855,-0.56,2017,10
2000_2500m,2017,11,0.6709608479154392,-0.97,2017,11
2000_2500m,2017,12,0.0475416864535844,-0.98,2017,12
2000_2500m,2018,1,-0.7916827495059844,0.65,2019,1
2000_2500m,2018,2,-0.6135915786525755,0.71,2019,2
2000_2500m,2018,3,-0.3883918028144805,0.81,2019,3
2000_2500m,2018,4,-0.5752390536727684,0.62,2019,4
2000_2500m,2018,5,-0.45156285660775747,0.55,2019,5
2000_2500m,2018,10,1.7905024003075745,0.9,2018,10
2000_2500m,2018,11,0.42073688919733054,0.9,2018,11
2000_2500m,2018,12,-0.3600532850560303,0.89,2018,12
2000_2500m,2019,1,1.0893737630469258,0.6,2020,1
2000_2500m,2019,2,0.7121510502839211,0.37,2020,2
2000_2500m,2019,3,0.4531588007120667,0.48,2020,3
2000_2500m,2019,4,0.14399694824957576,0.36,2020,4
2000_2500m,2019,5,-0.1530477757490283,-0.27,2020,5
2000_2500m,2019,10,1.3555289274548479,0.48,2019,10
2000_2500m,2019,11,1.5363803533055196,0.52,2019,11
2000_2500m,2019,12,1.4713247607586444,0.52,2019,12
2000_2500m,2020,1,0.8690564675690599,-1.0,2021,1
2000_2500m,2020,2,0.7807162355257661,-1.0,2021,2
2000_2500m,2020,3,0.11509035581335987,-0.8,2021,3
2000_2500m,2020,4,0.11339785747207459,-0.72,2021,4
2000_2500m,2020,5,0.08385933516145651,-0.46,2021,5
2000_2500m,2020,10,0.9570364947353528,-1.26,2020,10
2000_2500m,2020,11,0.9759979311256356,-1.42,2020,11
2000_2500m,2020,12,0.7118837327349333,-1.15,2020,12
2000_2500m,2021,1,1.2000606851282696,-0.94,2022,1
2000_2500m,2021,2,1.1970166385174925,-0.89,2022,2
2000_2500m,2021,3,0.9363248073122404,-0.97,2022,3
2000_2500m,2021,4,0.25749004281829585,-1.11,2022,4
2000_2500m,2021,5,0.42167035961708926,-1.11,2022,5
2000_2500m,2021,10,-0.5185697287985402,-0.94,2021,10
2000_2500m,2021,11,-0.04463665349127217,-0.94,2021,11
2000_2500m,2021,12,0.5568325044805661,-1.06,2021,12
2000_2500m,2022,1,0.5584911181255395,-0.72,2023,1
2000_2500m,2022,2,0.942872843818643,-0.46,2023,2
2000_2500m,2022,3,0.9640111680401279,-0.11,2023,3
2000_2500m,2022,4,0.5751324936236517,0.14,2023,4
2000_2500m,2022,5,-0.9200609149115315,0.46,2023,5
2000_2500m,2022,10,-0.6069857154576304,-0.99,2022,10
2000_2500m,2022,11,0.9425678453006354,-0.9,2022,11
2000_2500m,2022,12,0.5655713463368587,-0.85,2022,12
2000_2500m,2023,1,0.181827899554341,1.81,2024,1
2000_2500m,2023,2,0.7015259905672655,1.52,2024,2
2000_2500m,2023,3,0.895710577781893,1.13,2024,3
2000_2500m,2023,4,0.7065090826455854,0.77,2024,4
2000_2500m,2023,5,0.5083451761988856,0.23,2024,5
2000_2500m,2023,10,-0.34368430345390116,1.72,2023,10
2000_2500m,2023,11,-0.69170549412726,2.02,2023,11
2000_2500m,2023,12,-0.3387243359467542,2.03,2023,12
500_1000m,1980,1,-0.6936830865576036,-0.36,1981,1
500_1000m,1980,2,0.10206572629991074,-0.64,1981,2
500_1000m,1980,3,-0.44134820256037083,-0.64,1981,3
500_1000m,1980,4,-0.8062116227182203,-0.53,1981,4
500_1000m,1980,5,0.13844095732195869,-0.57,1981,5
500_1000m,1980,10,0.15990298289159136,-0.26,1980,10
500_1000m,1980,11,-0.41838678332477436,-0.1,1980,11
500_1000m,1980,12,0.6730093620637018,0.05,1980,12
500_1000m,1981,1,0.23647725430913386,0.13,1982,1
500_1000m,1981,2,0.7148088660928679,-0.17,1982,2
500_1000m,1981,3,0.9966336031354036,0.13,1982,3
500_1000m,1981,4,1.3270044659135916,0.21,1982,4
500_1000m,1981,5,0.8497768244547969,0.45,1982,5
500_1000m,1981,10,-0.3887698222807563,-0.3,1981,10
500_1000m,1981,11,-0.07820896834303528,-0.41,1981,11
500_1000m,1981,12,-0.0747101345449528,-0.2,1981,12
500_1000m,1982,1,0.44123694740473474,2.35,1983,1
500_1000m,1982,2,0.44135435333166706,1.94,1983,2
500_1000m,1982,3,0.8562693244996586,1.38,1983,3
500_1000m,1982,4,0.8587690644286724,0.95,1983,4
500_1000m,1982,5,0.3311841767320106,0.9,1983,5
500_1000m,1982,10,0.4503562277373894,1.99,1982,10
500_1000m,1982,11,0.3816989041171193,1.92,1982,11
500_1000m,1982,12,0.4818383059995779,2.2,1982,12
500_1000m,1983,1,0.48953127947314135,-0.67,1984,1
500_1000m,1983,2,0.11379001294371405,-0.19,1984,2
500_1000m,1983,3,0.5648130003530966,-0.52,1984,3
500_1000m,1983,4,-0.08943902965805364,-0.68,1984,4
500_1000m,1983,5,-0.1680212164210235,-0.73,1984,5
500_1000m,1983,10,-1.2216515537901587,-1.16,1983,10
500_1000m,1983,11,0.09502113233114,-1.29,1983,11
500_1000m,1983,12,0.5845810290610466,-1.03,1983,12
500_1000m,1984,1,0.7491327154555582,-1.16,1985,1
500_1000m,1984,2,0.8434280658018808,-0.72,1985,2
500_1000m,1984,3,0.9149983846099762,-0.79,1985,3
500_1000m,1984,4,1.232016425763457,-1.18,1985,4
500_1000m,1984,5,-0.030740752000670057,-1.03,1985,5
500_1000m,1984,10,2.0144441170690564,-0.67,1984,10
500_1000m,1984,11,0.8952000661922584,-1.19,1984,11
500_1000m,1984,12,0.4256526274601696,-1.34,1984,12
500_1000m,1985,1,1.1352552929496875,-0.66,1986,1
500_1000m,1985,2,1.2951331098885015,-0.71,1986,2
500_1000m,1985,3,1.0986107100197253,-0.42,1986,3
500_1000m,1985,4,1.115648444747184,-0.33,1986,4
500_1000m,1985,5,1.3814507632106585,-0.53,1986,5
500_1000m,1985,10,0.17155136697807297,-0.49,1985,10
500_1000m,1985,11,0.8476708416247679,-0.37,1985,11
500_1000m,1985,12,0.8164454915912219,-0.41,1985,12
500_1000m,1986,1,0.4057460262940015,1.14,1987,1
500_1000m,1986,2,0.5446833293032345,1.13,1987,2
500_1000m,1986,3,0.9943038120226684,0.98,1987,3
500_1000m,1986,4,0.1200488964794376,0.58,1987,4
500_1000m,1986,5,-0.6938529121286379,0.62,1987,5
500_1000m,1986,10,-0.4880481863435872,0.81,1986,10
500_1000m,1986,11,0.7088687086191536,1.01,1986,11
500_1000m,1986,12,0.49482298158089083,1.12,1986,12
500_1000m,1987,1,0.6665807731739696,0.9,1988,1
500_1000m,1987,2,0.4756854149715039,0.28,1988,2
500_1000m,1987,3,0.46027346127469365,0.1,1988,3
500_1000m,1987,4,0.18314526886620705,-0.44,1988,4
500_1000m,1987,5,-0.8791447948301542,-1.25,1988,5
500_1000m,1987,10,-0.3630768111365727,1.24,1987,10
500_1000m,1987,11,0.1450943897060095,1.07,1987,11
500_1000m,1987,12,0.7210911338808339,0.94,1987,12
500_1000m,1988,1,1.2289719323274433,-1.97,1989,1
500_1000m,1988,2,1.2810734768410128,-1.47,1989,2
500_1000m,1988,3,1.1097225667236261,-1.21,1989,3
500_1000m,1988,4,1.0529017324056653,-1.08,1989,4
500_1000m,1988,5,-0.3907437547623554,-0.88,1989,5
500_1000m,1988,10,0.2866759459388289,-1.9,1988,10
500_1000m,1988,11,1.0814273545729078,-2.05,1988,11
500_1000m,1988,12,1.162282783718202,-1.96,1988,12
500_1000m,1989,1,1.0516798374988394,0.01,1990,1
500_1000m,1989,2,0.9016283765140894,0.21,1990,2
500_1000m,1989,3,0.8492366639645349,0.04,1990,3
500_1000m,1989,4,1.1084912159903866,0.08,1990,4
500_1000m,1989,5,0.961577880662163,0.08,1990,5
500_1000m,1989,10,-0.7217970756232377,-0.4,1989,10
500_1000m,1989,11,1.3356230386033228,-0.45,1989,11
500_1000m,1989,12,1.297579212337867,-0.13,1989,12
500_1000m,1990,1,1.3868640053619552,0.49,1991,1
500_1000m,1990,2,0.5197411651306819,0.32,1991,2
500_1000m,1990,3,0.6473213027546761,0.03,1991,3
500_1000m,1990,4,-0.2165289647384451,0.19,1991,4
500_1000m,1990,5,0.3396650376772481,0.26,1991,5
500_1000m,1990,10,0.06409422698831944,0.21,1990,10
500_1000m,1990,11,1.4611135755439641,0.1,1990,11
500_1000m,1990,12,1.5540125427489075,0.35,1990,12
500_1000m,1991,1,-0.3957372495839285,1.84,1992,1
500_1000m,1991,2,0.588038389912397,1.78,1992,2
500_1000m,1991,3,0.2019111502637647,1.38,1992,3
500_1000m,1991,4,0.001626066134808163,1.2,1992,4
500_1000m,1991,5,-0.22323260848346996,1.04,1992,5
500_1000m,1991,10,1.6720298364088726,0.86,1991,10
500_1000m,1991,11,0.5953633422081793,1.2,1991,11
500_1000m,1991,12,-0.22241461502080215,1.69,1991,12
500_1000m,1992,1,0.3570868667866565,0.14,1993,1
500_1000m,1992,2,-0.10335029451312723,0.41,1993,2
500_1000m,1992,3,-0.40122077215755336,0.39,1993,3
500_1000m,1992,4,-0.6516800583275707,0.59,1993,4
500_1000m,1992,5,-0.8536745970143321,0.78,1993,5
500_1000m,1992,10,0.5166282658547308,-0.3,1992,10
500_1000m,1992,11,0.11912662187504462,-0.28,1992,11
500_1000m,1992,12,-0.2944519230166593,-0.15,1992,12
500_1000m,1993,1,0.18762042552044003,0.1,1994,1
500_1000m,1993,2,0.31760588665813827,0.06,1994,2
500_1000m,1993,3,-0.8923768877261246,0.11,1994,3
500_1000m,1993,4,-1.2955776600514637,0.26,1994,4
500_1000m,1993,5,-0.6625393859171214,0.31,1994,5
500_1000m,1993,10,0.04404154176396886,0.06,1993,10
500_1000m,1993,11,-0.06900161421803479,0.0,1993,11
500_1000m,1993,12,-0.5043992776691788,0.16,1993,12
500_1000m,1994,1,-0.2565551955786381,1.02,1995,1
500_1000m,1994,2,-1.5821903298497575,0.73,1995,2
500_1000m,1994,3,-0.5331059074673933,0.46,1995,3
500_1000m,1994,4,0.07987259010822015,0.28,1995,4
500_1000m,1994,5,-0.4703713470333112,-0.11,1995,5
500_1000m,1994,10,0.22524896684051002,0.75,1994,10
500_1000m,1994,11,-0.2302483035090524,1.11,1994,11
500_1000m,1994,12,-1.192008385882522,1.25,1994,12
500_1000m,1995,1,0.992821588267775,-0.86,1996,1
500_1000m,1995,2,0.562643655002945,-0.86,1996,2
500_1000m,1995,3,0.28463712562091453,-0.61,1996,3
500_1000m,1995,4,0.5553593232827807,-0.47,1996,4
500_1000m,1995,5,1.2942281647856642,-0.38,1996,5
500_1000m,1995,10,-1.1470755089445088,-0.88,1995,10
500_1000m,1995,11,0.37876164313290556,-1.1,1995,11
500_1000m,1995,12,1.1387025914645241,-0.95,1995,12
500_1000m,1996,1,1.0192879614775434,-0.53,1997,1
500_1000m,1996,2,-0.05563400173947819,-0.37,1997,2
500_1000m,1996,3,0.3692186852085589,-0.25,1997,3
500_1000m,1996,4,-1.1225010452212671,0.16,1997,4
500_1000m,1996,5,0.2767517951816546,0.64,1997,5
500_1000m,1996,10,0.14924441543514014,-0.44,1996,10
500_1000m,1996,11,0.7245496580157509,-0.41,1996,11
500_1000m,1996,12,0.859659442221864,-0.64,1996,12
500_1000m,1997,1,-0.2790989366966316,2.38,1998,1
500_1000m,1997,2,-1.7845928098779769,2.03,1998,2
500_1000m,1997,3,0.5112356609207181,1.34,1998,3
500_1000m,1997,4,-0.9705018913614687,0.78,1998,4
500_1000m,1997,5,-0.875034232007125,0.57,1998,5
500_1000m,1997,10,-0.3769914703577038,2.36,1997,10
500_1000m,1997,11,-1.1038850389480759,2.41,1997,11
500_1000m,1997,12,-1.768379350383683,2.29,1997,12
500_1000m,1998,1,0.2809939484555703,-1.69,1999,1
500_1000m,1998,2,-0.996461103265282,-1.32,1999,2
500_1000m,1998,3,-1.216684648776454,-0.95,1999,3
500_1000m,1998,4,-0.21201972807210856,-1.11,1999,4
500_1000m,1998,5,0.7150476533909288,-1.15,1999,5
500_1000m,1998,10,-0.8412209439199634,-1.46,1998,10
500_1000m,1998,11,-0.7675687438933457,-1.46,1998,11
500_1000m,1998,12,-1.0454840396431924,-1.69,1998,12
500_1000m,1999,1,-0.3699989207850961,-1.77,2000,1
500_1000m,1999,2,0.3869187619716535,-1.55,2000,2
500_1000m,1999,3,-0.0649235012899305,-0.98,2000,3
500_1000m,1999,4,0.3533500378918168,-0.87,2000,4
500_1000m,1999,5,-0.6890108530174369,-0.86,2000,5
500_1000m,1999,10,0.797371839871565,-1.23,1999,10
500_1000m,1999,11,-1.0155134341546814,-1.58,1999,11
500_1000m,1999,12,-2.1425746708987075,-1.74,1999,12
500_1000m,2000,1,-1.8482892614947901,-0.73,2001,1
500_1000m,2000,2,-0.4708291217714576,-0.63,2001,2
500_1000m,2000,3,-1.2371689670873973,-0.48,2001,3
500_1000m,2000,4,-0.08455140830269711,-0.49,2001,4
500_1000m,2000,5,-0.8604835408610023,-0.34,2001,5
500_1000m,2000,10,-0.4411429944557473,-0.7,2000,10
500_1000m,2000,11,-0.4555929228955264,-0.79,2000,11
500_1000m,2000,12,-0.6313119730969994,-0.92,2000,12
500_1000m,2001,1,-1.15920772867865,-0.15,2002,1
500_1000m,2001,2,-0.578002186604729,-0.04,2002,2
500_1000m,2001,3,0.8740241935211696,0.01,2002,3
500_1000m,2001,4,0.46675636045409635,0.02,2002,4
500_1000m,2001,5,1.7324611859737333,0.31,2002,5
500_1000m,2001,10,-0.168933782022255,-0.14,2001,10
500_1000m,2001,11,-0.21476488236569338,-0.37,2001,11
500_1000m,2001,12,-0.07545030889137441,-0.41,2001,12
500_1000m,2002,1,-0.7949398333834335,0.6,2003,1
500_1000m,2002,2,0.3335269128366986,0.64,2003,2
500_1000m,2002,3,0.5122304407887383,0.36,2003,3
500_1000m,2002,4,0.49575421238253314,-0.14,2003,4
500_1000m,2002,5,2.1425746708987115,-0.61,2003,5
500_1000m,2002,10,0.2936821367392152,1.25,2002,10
500_1000m,2002,11,-0.4419330330807161,1.47,2002,11
500_1000m,2002,12,-1.5584896747436807,1.37,2002,12
500_1000m,2003,1,-0.5158482510108839,0.27,2004,1
500_1000m,2003,2,0.6182643128545832,0.23,2004,2
500_1000m,2003,3,-0.23611375103249518,0.12,2004,3
500_1000m,2003,4,-0.8377977750725342,0.07,2004,4
500_1000m,2003,5,0.9365177851945006,0.06,2004,5
500_1000m,2003,10,0.9264833020524588,0.42,2003,10
500_1000m,2003,11,1.8845098168753187,0.33,2003,11
500_1000m,2003,12,-0.33694862223833694,0.43,2003,12
500_1000m,2004,1,0.05109840057711718,0.66,2005,1
500_1000m,2004,2,-1.335563328185622,0.36,2005,2
500_1000m,2004,3,-0.7732428685109848,0.45,2005,3
500_1000m,2004,4,-0.9747195384040256,0.26,2005,4
500_1000m,2004,5,0.10887495664070203,0.3,2005,5
500_1000m,2004,10,0.5184721584029433,0.73,2004,10
500_1000m,2004,11,-1.2934747196228102,0.66,2004,11
500_1000m,2004,12,-0.6185421224959082,0.74,2004,12
500_1000m,2005,1,-1.491766376383264,-0.91,2006,1
500_1000m,2005,2,-0.9705355390423401,-0.67,2006,2
500_1000m,2005,3,0.16444119249412595,-0.71,2006,3
500_1000m,2005,4,-2.182661130422755,-0.32,2006,4
500_1000m,2005,5,-0.7507137042689951,-0.09,2006,5
500_1000m,2005,10,-1.5721184375547792,-0.06,2005,10
500_1000m,2005,11,-1.2470030480613112,-0.59,2005,11
500_1000m,2005,12,-0.9253380903193192,-0.92,2005,12
500_1000m,2006,1,-1.3228314573265352,0.7,2007,1
500_1000m,2006,2,-0.007349660358643073,0.13,2007,2
500_1000m,2006,3,-0.7240457446267221,-0.18,2007,3
500_1000m,2006,4,0.9073108244532913,-0.32,2007,4
500_1000m,2006,5,0.02065711376587312,-0.47,2007,5
500_1000m,2006,10,0.037477888988099964,0.7,2006,10
500_1000m,2006,11,-0.04364032077987196,0.99,2006,11
500_1000m,2006,12,-0.6374948643558677,1.14,2006,12
500_1000m,2007,1,-0.6265210557030773,-1.68,2008,1
500_1000m,2007,2,0.11305275556333359,-1.67,2008,2
500_1000m,2007,3,-1.1637074147591646,-1.21,2008,3
500_1000m,2007,4,1.0366125305384748,-0.99,2008,4
500_1000m,2007,5,0.32586929860839264,-0.84,2008,5
500_1000m,2007,10,-1.4797939328020995,-1.39,2007,10
500_1000m,2007,11,-0.8398377275165607,-1.54,2007,11
500_1000m,2007,12,0.07574428032021288,-1.58,2007,12
500_1000m,2008,1,0.8831614090674809,-0.89,2009,1
500_1000m,2008,2,0.5045446189472279,-0.79,2009,2
500_1000m,2008,3,0.5440299924276579,-0.69,2009,3
500_1000m,2008,4,-0.0470076858905812,-0.35,2009,4
500_1000m,2008,5,0.22778085469012546,0.06,2009,5
500_1000m,2008,10,-1.46000984465405,-0.35,2008,10
500_1000m,2008,11,-1.182427794604729,-0.46,2008,11
500_1000m,2008,12,0.7526614965029574,-0.86,2008,12
500_1000m,2009,1,0.05566171984088195,1.52,2010,1
500_1000m,2009,2,0.09262487901934188,1.25,2010,2
500_1000m,2009,3,-1.634663891639277,0.9,2010,3
500_1000m,2009,4,0.3451145668393534,0.38,2010,4
500_1000m,2009,5,1.466860387926716,-0.22,2010,5
500_1000m,2009,10,0.8197263481543668,0.89,2009,10
500_1000m,2009,11,-1.4749304081493688,1.46,2009,11
500_1000m,2009,12,0.5510862490156394,1.74,2009,12
500_1000m,2010,1,1.0859963148046945,-1.54,2011,1
500_1000m,2010,2,1.3175280216845526,-1.11,2011,2
500_1000m,2010,3,1.1439793837254908,-0.93,2011,3
500_1000m,2010,4,1.4105848416855928,-0.77,2011,4
500_1000m,2010,5,-0.8215772048465741,-0.52,2011,5
500_1000m,2010,10,-0.7854196387039988,-1.69,2010,10
500_1000m,2010,11,0.8647203568079825,-1.64,2010,11
500_1000m,2010,12,1.0624754739894955,-1.6,2010,12
500_1000m,2011,1,-1.1894189844593275,-0.87,2012,1
500_1000m,2011,2,-0.9811824900344635,-0.67,2012,2
500_1000m,2011,3,-0.47480305856908445,-0.61,2012,3
500_1000m,2011,4,-1.169677786795816,-0.5,2012,4
500_1000m,2011,5,-0.5241123619180664,-0.32,2012,5
500_1000m,2011,10,-2.204755413888614,-1.05,2011,10
500_1000m,2011,11,-0.7567714180839514,-1.19,2011,11
500_1000m,2011,12,0.25073111607298726,-1.06,2011,12
500_1000m,2012,1,0.19174708367486432,-0.53,2013,1
500_1000m,2012,2,-0.7374957006961599,-0.52,2013,2
500_1000m,2012,3,-0.05001836771354007,-0.25,2013,3
500_1000m,2012,4,0.5896382422893611,-0.25,2013,4
500_1000m,2012,5,-0.06119362305651932,-0.4,2013,5
500_1000m,2012,10,1.8129702897453175,0.26,2012,10
500_1000m,2012,11,0.7710331886581144,0.16,2012,11
500_1000m,2012,12,0.4264075117941731,-0.25,2012,12
500_1000m,2013,1,1.241638982978196,-0.49,2014,1
500_1000m,2013,2,0.9387323623753486,-0.62,2014,2
500_1000m,2013,3,0.6883272763457917,-0.28,2014,3
500_1000m,2013,4,0.22559954208902525,0.08,2014,4
500_1000m,2013,5,0.66296016223015,0.32,2014,5
500_1000m,2013,10,0.36687482309648395,-0.2,2013,10
500_1000m,2013,11,0.7229946944552399,-0.14,2013,11
500_1000m,2013,12,1.5433510954945595,-0.17,2013,12
500_1000m,2014,1,0.058793746307768464,0.51,2015,1
500_1000m,2014,2,-0.37540449754957156,0.42,2015,2
500_1000m,2014,3,-1.2978669509201741,0.47,2015,3
500_1000m,2014,4,-0.7599727943389734,0.7,2015,4
500_1000m,2014,5,-0.5749010441937362,0.92,2015,5
500_1000m,2014,10,-0.8550587321449263,0.44,2014,10
500_1000m,2014,11,0.7218622779419928,0.75,2014,11
500_1000m,2014,12,0.18190265462080454,0.71,2014,12
500_1000m,2015,1,0.15258446157690336,2.57,2016,1
500_1000m,2015,2,-1.8013881709818023,2.26,2016,2
500_1000m,2015,3,-2.179859569576639,1.62,2016,3
500_1000m,2015,4,-1.1734089397880616,0.91,2016,4
500_1000m,2015,5,-0.5733721068799101,0.3,2016,5
500_1000m,2015,10,-1.1547376290504303,2.36,2015,10
500_1000m,2015,11,-0.361806673249161,2.72,2015,11
500_1000m,2015,12,-0.4607468277232522,2.66,2015,12
500_1000m,2016,1,-0.10478174649977716,-0.43,2017,1
500_1000m,2016,2,-0.05271337584496404,-0.08,2017,2
500_1000m,2016,3,-0.24848380030280942,0.03,2017,3
500_1000m,2016,4,-0.7917299783930957,0.22,2017,4
500_1000m,2016,5,-0.87525814066496,0.37,2017,5
500_1000m,2016,10,0.34497225114222946,-0.74,2016,10
500_1000m,2016,11,-1.776798956181482,-0.76,2016,11
500_1000m,2016,12,-0.4738827896290702,-0.5,2016,12
500_1000m,2017,1,0.361835672633732,-0.98,2018,1
500_1000m,2017,2,0.7660226779036199,-0.78,2018,2
500_1000m,2017,3,1.0673765566608107,-0.8,2018,3
500_1000m,2017,4,1.2803704413960326,-0.51,2018,4
500_1000m,2017,5,-0.8290148653056929,-0.2,2018,5
500_1000m,2017,10,0.7301906808342215,-0.56,2017,10
500_1000m,2017,11,0.8902452194269416,-0.97,2017,11
500_1000m,2017,12,-0.22882029769475684,-0.98,2017,12
500_1000m,2018,1,-1.1447735337001448,0.65,2019,1
500_1000m,2018,2,-0.0583166103049297,0.71,2019,2
500_1000m,2018,3,0.1836646524170747,0.81,2019,3
500_1000m,2018,4,-0.1458186803816989,0.62,2019,4
500_1000m,2018,5,0.5320333809362348,0.55,2019,5
500_1000m,2018,10,1.1803478367014706,0.9,2018,10
500_1000m,2018,11,-0.1877723357560936,0.9,2018,11
500_1000m,2018,12,-0.7868325005408047,0.89,2018,12
500_1000m,2019,1,0.07637348165854807,0.6,2020,1
500_1000m,2019,2,0.25247664849084034,0.37,2020,2
500_1000m,2019,3,-0.11533288987568671,0.48,2020,3
500_1000m,2019,4,0.20473836528482173,0.36,2020,4
500_1000m,2019,5,-0.8519989105744196,-0.27,2020,5
500_1000m,2019,10,1.2994769069273626,0.48,2019,10
500_1000m,2019,11,0.2519569663259635,0.52,2019,11
500_1000m,2019,12,0.4583809637092338,0.52,2019,12
500_1000m,2020,1,-0.1785607044692826,-1.0,2021,1
500_1000m,2020,2,-0.1191215669063778,-1.0,2021,2
500_1000m,2020,3,-1.303442145334902,-0.8,2021,3
500_1000m,2020,4,-0.8854113334740196,-0.72,2021,4
500_1000m,2020,5,0.7856774154369125,-0.46,2021,5
500_1000m,2020,10,0.8243950473662299,-1.26,2020,10
500_1000m,2020,11,0.6945389171871538,-1.42,2020,11
500_1000m,2020,12,0.2071698999801216,-1.15,2020,12
500_1000m,2021,1,-1.4047796073836931,-0.94,2022,1
500_1000m,2021,2,-0.8615550516273711,-0.89,2022,2
500_1000m,2021,3,-0.15806346004012753,-0.97,2022,3
500_1000m,2021,4,-0.527065058740541,-1.11,2022,4
500_1000m,2021,5,-0.3395956623209532,-1.11,2022,5
500_1000m,2021,10,-0.8186862263258174,-0.94,2021,10
500_1000m,2021,11,-1.9329108938939894,-0.94,2021,11
500_1000m,2021,12,-0.8333148151845305,-1.06,2021,12
500_1000m,2022,1,-0.6497612775578583,-0.72,2023,1
500_1000m,2022,2,-0.7948670169239981,-0.46,2023,2
500_1000m,2022,3,-0.14281735146457178,-0.11,2023,3
500_1000m,2022,4,-0.27284895048379254,0.14,2023,4
500_1000m,2022,5,-0.8763031099421562,0.46,2023,5
500_1000m,2022,10,-0.2397720001061532,-0.99,2022,10
500_1000m,2022,11,1.3117685938873997,-0.9,2022,11
500_1000m,2022,12,0.29168529521611947,-0.85,2022,12
500_1000m,2023,1,-0.3616249206240094,1.81,2024,1
500_1000m,2023,2,-0.35881043505544025,1.52,2024,2
500_1000m,2023,3,0.25203101167853975,1.13,2024,3
500_1000m,2023,4,0.2665369749218091,0.77,2024,4
500_1000m,2023,5,0.5380801958072048,0.23,2024,5
500_1000m,2023,10,1.0308502055215583,1.72,2023,10
500_1000m,2023,11,-0.990671287476354,2.02,2023,11
500_1000m,2023,12,-1.1996782568715005,2.03,2023,12
